Kategoria_1_nazwa;Kategoria_1_zdjecie;Kategoria_1_opis;Kategoria_1_opis_dol;Kategoria_1_meta_tytul;Kategoria_1_meta_opis;Kategoria_1_meta_slowa;Kategoria_1_adres_url;Kategoria_1_link_kanoniczny;Kategoria_1_nazwa_en;Kategoria_1_zdjecie.1;Kategoria_1_opis_en;Kategoria_1_opis_dol_en;Kategoria_1_meta_tytul_en;Kategoria_1_meta_opis_en;Kategoria_1_meta_slowa_en;Kategoria_1_adres_url_en;Kategoria_1_link_kanoniczny_en;Kategoria_2_nazwa;Kategoria_2_zdjecie;Kategoria_2_opis;Kategoria_2_opis_dol;Kategoria_2_meta_tytul;Kategoria_2_meta_opis;Kategoria_2_meta_slowa;Kategoria_2_adres_url;Kategoria_2_link_kanoniczny;Kategoria_2_nazwa_en;Kategoria_2_zdjecie.1;Kategoria_2_opis_en;Kategoria_2_opis_dol_en;Kategoria_2_meta_tytul_en;Kategoria_2_meta_opis_en;Kategoria_2_meta_slowa_en;Kategoria_2_adres_url_en;Kategoria_2_link_kanoniczny_en;Kategoria_3_nazwa;Kategoria_3_zdjecie;Kategoria_3_opis;Kategoria_3_opis_dol;Kategoria_3_meta_tytul;Kategoria_3_meta_opis;Kategoria_3_meta_slowa;Kategoria_3_adres_url;Kategoria_3_link_kanoniczny;Kategoria_3_nazwa_en;Kategoria_3_zdjecie.1;Kategoria_3_opis_en;Kategoria_3_opis_dol_en;Kategoria_3_meta_tytul_en;Kategoria_3_meta_opis_en;Kategoria_3_meta_slowa_en;Kategoria_3_adres_url_en;Kategoria_3_link_kanoniczny_en;Kategoria_4_nazwa;Kategoria_4_zdjecie;Kategoria_4_opis;Kategoria_4_opis_dol;Kategoria_4_meta_tytul;Kategoria_4_meta_opis;Kategoria_4_meta_slowa;Kategoria_4_adres_url;Kategoria_4_link_kanoniczny;Kategoria_4_nazwa_en;Kategoria_4_zdjecie.1;Kategoria_4_opis_en;Kategoria_4_opis_dol_en;Kategoria_4_meta_tytul_en;Kategoria_4_meta_opis_en;Kategoria_4_meta_slowa_en;Kategoria_4_adres_url_en;Kategoria_4_link_kanoniczny_en;Kategoria_5_nazwa;Kategoria_5_zdjecie;Kategoria_5_opis;Kategoria_5_opis_dol;Kategoria_5_meta_tytul;Kategoria_5_meta_opis;Kategoria_5_meta_slowa;Kategoria_5_adres_url;Kategoria_5_link_kanoniczny;Kategoria_5_nazwa_en;Kategoria_5_zdjecie.1;Kategoria_5_opis_en;Kategoria_5_opis_dol_en;Kategoria_5_meta_tytul_en;Kategoria_5_meta_opis_en;Kategoria_5_meta_slowa_en;Kategoria_5_adres_url_en;Kategoria_5_link_kanoniczny_en;Kategoria_6_nazwa;Kategoria_6_zdjecie;Kategoria_6_opis;Kategoria_6_opis_dol;Kategoria_6_meta_tytul;Kategoria_6_meta_opis;Kategoria_6_meta_slowa;Kategoria_6_adres_url;Kategoria_6_link_kanoniczny;Kategoria_6_nazwa_en;Kategoria_6_zdjecie.1;Kategoria_6_opis_en;Kategoria_6_opis_dol_en;Kategoria_6_meta_tytul_en;Kategoria_6_meta_opis_en;Kategoria_6_meta_slowa_en;Kategoria_6_adres_url_en;Kategoria_6_link_kanoniczny_en;Kategoria_7_nazwa;Kategoria_7_zdjecie;Kategoria_7_opis;Kategoria_7_opis_dol;Kategoria_7_meta_tytul;Kategoria_7_meta_opis;Kategoria_7_meta_slowa;Kategoria_7_adres_url;Kategoria_7_link_kanoniczny;Kategoria_7_nazwa_en;Kategoria_7_zdjecie.1;Kategoria_7_opis_en;Kategoria_7_opis_dol_en;Kategoria_7_meta_tytul_en;Kategoria_7_meta_opis_en;Kategoria_7_meta_slowa_en;Kategoria_7_adres_url_en;Kategoria_7_link_kanoniczny_en;Kategoria_8_nazwa;Kategoria_8_zdjecie;Kategoria_8_opis;Kategoria_8_opis_dol;Kategoria_8_meta_tytul;Kategoria_8_meta_opis;Kategoria_8_meta_slowa;Kategoria_8_adres_url;Kategoria_8_link_kanoniczny;Kategoria_8_nazwa_en;Kategoria_8_zdjecie.1;Kategoria_8_opis_en;Kategoria_8_opis_dol_en;Kategoria_8_meta_tytul_en;Kategoria_8_meta_opis_en;Kategoria_8_meta_slowa_en;Kategoria_8_adres_url_en;Kategoria_8_link_kanoniczny_en;Kategoria_9_nazwa;Kategoria_9_zdjecie;Kategoria_9_opis;Kategoria_9_opis_dol;Kategoria_9_meta_tytul;Kategoria_9_meta_opis;Kategoria_9_meta_slowa;Kategoria_9_adres_url;Kategoria_9_link_kanoniczny;Kategoria_9_nazwa_en;Kategoria_9_zdjecie.1;Kategoria_9_opis_en;Kategoria_9_opis_dol_en;Kategoria_9_meta_tytul_en;Kategoria_9_meta_opis_en;Kategoria_9_meta_slowa_en;Kategoria_9_adres_url_en;Kategoria_9_link_kanoniczny_en;Kategoria_10_nazwa;Kategoria_10_zdjecie;Kategoria_10_opis;Kategoria_10_opis_dol;Kategoria_10_meta_tytul;Kategoria_10_meta_opis;Kategoria_10_meta_slowa;Kategoria_10_adres_url;Kategoria_10_link_kanoniczny;Kategoria_10_nazwa_en;Kategoria_10_zdjecie.1;Kategoria_10_opis_en;Kategoria_10_opis_dol_en;Kategoria_10_meta_tytul_en;Kategoria_10_meta_opis_en;Kategoria_10_meta_slowa_en;Kategoria_10_adres_url_en;Kategoria_10_link_kanoniczny_en;Nr_katalogowy;Sortowanie;Ilosc_produktow;Min_ilosc_zakupu;Max_ilosc_zakupu;Przyrost_ilosci;Waga;Kod_producenta;Id_produktu_magazyn;Kod_ean;Gabaryt;Podatek_Vat;Cena_brutto;Cena_poprzednia;Cena_katalogowa;Cena_zakupu;Nowosc;Nasz_hit;Polecany;Promocja;Promocja_czas_rozpoczecia;Promocja_czas_zakonczenia;Do_porownywarek;Negocjacja;Darmowa_dostawa;Kontrola_magazynu;Zdjecie_glowne;Status;Nazwa_produktu;Dodatkowa_nazwa_produktu;Opis;Opis_krotki;Meta_tytul;Meta_opis;Meta_slowa;Nazwa_produktu_en;Dodatkowa_nazwa_produktu_en;Opis_en;Opis_krotki_en;Meta_tytul_en;Meta_opis_en;Meta_slowa_en;Stary_URL;Jednostka_miary;Jednostka_miary_en;Termin_wysylki;Stan_produktu;Stan_produktu_en;Gwarancja;Gwarancja_en;Dostepnosc;Dostepnosc_en;Producent;Waluta;Zdjecie_dodatkowe_1;Zdjecie_dodatkowe_2;Zdjecie_dodatkowe_3;Zdjecie_dodatkowe_4;Zdjecie_dodatkowe_5;Zdjecie_dodatkowe_6;Zdjecie_dodatkowe_7;Zdjecie_dodatkowe_8;Zdjecie_dodatkowe_9;Zdjecie_dodatkowe_10;Dodatkowa_zakladka_1_nazwa;Dodatkowa_zakladka_1_opis;Dodatkowa_zakladka_1_nazwa_en;Dodatkowa_zakladka_1_opis_en;Dodatkowa_zakladka_2_nazwa;Dodatkowa_zakladka_2_opis;Dodatkowa_zakladka_2_nazwa_en;Dodatkowa_zakladka_2_opis_en;Dodatkowa_zakladka_3_nazwa;Dodatkowa_zakladka_3_opis;Dodatkowa_zakladka_3_nazwa_en;Dodatkowa_zakladka_3_opis_en;Dodatkowa_zakladka_4_nazwa;Dodatkowa_zakladka_4_opis;Dodatkowa_zakladka_4_nazwa_en;Dodatkowa_zakladka_4_opis_en;Link_1_nazwa;Link_1_opis;Link_1_url;Link_1_nazwa_en;Link_1_opis_en;Link_2_nazwa;Link_2_opis;Link_2_url;Link_2_nazwa_en;Link_2_opis_en;Link_3_nazwa;Link_3_opis;Link_3_url;Link_3_nazwa_en;Link_3_opis_en;Link_4_nazwa;Link_4_opis;Link_4_url;Link_4_nazwa_en;Link_4_opis_en;Youtube_1_nazwa;Youtube_1_url;Youtube_1_opis;Youtube_1_szerokosc;Youtube_1_wysokosc;Youtube_1_nazwa_en;Youtube_1_opis_en;Youtube_2_nazwa;Youtube_2_url;Youtube_2_opis;Youtube_2_szerokosc;Youtube_2_wysokosc;Youtube_2_nazwa_en;Youtube_2_opis_en;Youtube_3_nazwa;Youtube_3_url;Youtube_3_opis;Youtube_3_szerokosc;Youtube_3_wysokosc;Youtube_3_nazwa_en;Youtube_3_opis_en;Youtube_4_nazwa;Youtube_4_url;Youtube_4_opis;Youtube_4_szerokosc;Youtube_4_wysokosc;Youtube_4_nazwa_en;Youtube_4_opis_en;Film_1_nazwa;Film_1_plik;Film_1_opis;Film_1_ekran;Film_1_szerokosc;Film_1_wysokosc;Film_1_nazwa_en;Film_1_opis_en;Film_2_nazwa;Film_2_plik;Film_2_opis;Film_2_ekran;Film_2_szerokosc;Film_2_wysokosc;Film_2_nazwa_en;Film_2_opis_en;Film_3_nazwa;Film_3_plik;Film_3_opis;Film_3_ekran;Film_3_szerokosc;Film_3_wysokosc;Film_3_nazwa_en;Film_3_opis_en;Film_4_nazwa;Film_4_plik;Film_4_opis;Film_4_ekran;Film_4_szerokosc;Film_4_wysokosc;Film_4_nazwa_en;Film_4_opis_en;Plik_1_nazwa;Plik_1_opis;Plik_1_plik;Plik_1_logowanie;Plik_1_nazwa_en;Plik_1_opis_en;Plik_2_nazwa;Plik_2_opis;Plik_2_plik;Plik_2_logowanie;Plik_2_nazwa_en;Plik_2_opis_en;Plik_3_nazwa;Plik_3_opis;Plik_3_plik;Plik_3_logowanie;Plik_3_nazwa_en;Plik_3_opis_en;Plik_4_nazwa;Plik_4_opis;Plik_4_plik;Plik_4_logowanie;Plik_4_nazwa_en;Plik_4_opis_en;Plik_5_nazwa;Plik_5_opis;Plik_5_plik;Plik_5_logowanie;Plik_5_nazwa_en;Plik_5_opis_en;Plik_6_nazwa;Plik_6_opis;Plik_6_plik;Plik_6_logowanie;Plik_6_nazwa_en;Plik_6_opis_en;Plik_7_nazwa;Plik_7_opis;Plik_7_plik;Plik_7_logowanie;Plik_7_nazwa_en;Plik_7_opis_en;Plik_8_nazwa;Plik_8_opis;Plik_8_plik;Plik_8_logowanie;Plik_8_nazwa_en;Plik_8_opis_en;Plik_9_nazwa;Plik_9_opis;Plik_9_plik;Plik_9_logowanie;Plik_9_nazwa_en;Plik_9_opis_en;Plik_10_nazwa;Plik_10_opis;Plik_10_plik;Plik_10_logowanie;Plik_10_nazwa_en;Plik_10_opis_en;Plik_elektroniczny_1_nazwa;Plik_elektroniczny_1_plik;Plik_elektroniczny_2_nazwa;Plik_elektroniczny_2_plik;Plik_elektroniczny_3_nazwa;Plik_elektroniczny_3_plik;Plik_elektroniczny_4_nazwa;Plik_elektroniczny_4_plik;Plik_elektroniczny_5_nazwa;Plik_elektroniczny_5_plik;Plik_elektroniczny_6_nazwa;Plik_elektroniczny_6_plik;Plik_elektroniczny_7_nazwa;Plik_elektroniczny_7_plik;Plik_elektroniczny_8_nazwa;Plik_elektroniczny_8_plik;Plik_elektroniczny_9_nazwa;Plik_elektroniczny_9_plik;Plik_elektroniczny_10_nazwa;Plik_elektroniczny_10_plik;Plik_elektroniczny_1_nazwa_en;Plik_elektroniczny_1_plik_en;Plik_elektroniczny_2_nazwa_en;Plik_elektroniczny_2_plik_en;Plik_elektroniczny_3_nazwa_en;Plik_elektroniczny_3_plik_en;Plik_elektroniczny_4_nazwa_en;Plik_elektroniczny_4_plik_en;Plik_elektroniczny_5_nazwa_en;Plik_elektroniczny_5_plik_en;Plik_elektroniczny_6_nazwa_en;Plik_elektroniczny_6_plik_en;Plik_elektroniczny_7_nazwa_en;Plik_elektroniczny_7_plik_en;Plik_elektroniczny_8_nazwa_en;Plik_elektroniczny_8_plik_en;Plik_elektroniczny_9_nazwa_en;Plik_elektroniczny_9_plik_en;Plik_elektroniczny_10_nazwa_en;Plik_elektroniczny_10_plik_en;Plik_mp3_1;Nazwa_mp3_1;Plik_mp3_2;Nazwa_mp3_2;Plik_mp3_3;Nazwa_mp3_3;Plik_mp3_4;Nazwa_mp3_4;Plik_mp3_5;Nazwa_mp3_5;Plik_mp3_6;Nazwa_mp3_6;Plik_mp3_7;Nazwa_mp3_7;Plik_mp3_8;Nazwa_mp3_8;Plik_mp3_9;Nazwa_mp3_9;Plik_mp3_10;Nazwa_mp3_10;Plik_mp3_11;Nazwa_mp3_11;Plik_mp3_12;Nazwa_mp3_12;Plik_mp3_13;Nazwa_mp3_13;Plik_mp3_14;Nazwa_mp3_14;Plik_mp3_15;Nazwa_mp3_15;Cecha_nazwa_1;Cecha_wartosc_1;Cecha_nazwa_1_en;Cecha_wartosc_1_en;Cecha_waga_1;Cecha_cena_1;Cecha_nazwa_2;Cecha_wartosc_2;Cecha_nazwa_2_en;Cecha_wartosc_2_en;Cecha_waga_2;Cecha_cena_2;Cecha_nazwa_3;Cecha_wartosc_3;Cecha_nazwa_3_en;Cecha_wartosc_3_en;Cecha_waga_3;Cecha_cena_3;Cecha_nazwa_4;Cecha_wartosc_4;Cecha_nazwa_4_en;Cecha_wartosc_4_en;Cecha_waga_4;Cecha_cena_4;Cecha_nazwa_5;Cecha_wartosc_5;Cecha_nazwa_5_en;Cecha_wartosc_5_en;Cecha_waga_5;Cecha_cena_5;Cecha_nazwa_6;Cecha_wartosc_6;Cecha_nazwa_6_en;Cecha_wartosc_6_en;Cecha_waga_6;Cecha_cena_6;Cecha_nazwa_7;Cecha_wartosc_7;Cecha_nazwa_7_en;Cecha_wartosc_7_en;Cecha_waga_7;Cecha_cena_7;Cecha_nazwa_8;Cecha_wartosc_8;Cecha_nazwa_8_en;Cecha_wartosc_8_en;Cecha_waga_8;Cecha_cena_8;Cecha_nazwa_9;Cecha_wartosc_9;Cecha_nazwa_9_en;Cecha_wartosc_9_en;Cecha_waga_9;Cecha_cena_9;Cecha_nazwa_10;Cecha_wartosc_10;Cecha_nazwa_10_en;Cecha_wartosc_10_en;Cecha_waga_10;Cecha_cena_10;Cecha_nazwa_11;Cecha_wartosc_11;Cecha_nazwa_11_en;Cecha_wartosc_11_en;Cecha_waga_11;Cecha_cena_11;Cecha_nazwa_12;Cecha_wartosc_12;Cecha_nazwa_12_en;Cecha_wartosc_12_en;Cecha_waga_12;Cecha_cena_12;Cecha_nazwa_13;Cecha_wartosc_13;Cecha_nazwa_13_en;Cecha_wartosc_13_en;Cecha_waga_13;Cecha_cena_13;Akcesoria_1_nr_katalogowy;Akcesoria_2_nr_katalogowy;Akcesoria_3_nr_katalogowy;Akcesoria_4_nr_katalogowy;Akcesoria_5_nr_katalogowy;Akcesoria_6_nr_katalogowy;Akcesoria_7_nr_katalogowy;Akcesoria_8_nr_katalogowy;Akcesoria_9_nr_katalogowy;Akcesoria_10_nr_katalogowy;Akcesoria_11_nr_katalogowy;Akcesoria_12_nr_katalogowy;Akcesoria_13_nr_katalogowy;Akcesoria_14_nr_katalogowy;Akcesoria_15_nr_katalogowy;Akcesoria_16_nr_katalogowy;Akcesoria_17_nr_katalogowy;Akcesoria_18_nr_katalogowy;Akcesoria_19_nr_katalogowy;Akcesoria_20_nr_katalogowy;Akcesoria_21_nr_katalogowy;Akcesoria_22_nr_katalogowy;Akcesoria_23_nr_katalogowy;Akcesoria_24_nr_katalogowy;Akcesoria_25_nr_katalogowy;Akcesoria_26_nr_katalogowy;Akcesoria_27_nr_katalogowy;Akcesoria_28_nr_katalogowy;Akcesoria_29_nr_katalogowy;Akcesoria_30_nr_katalogowy;Akcesoria_31_nr_katalogowy;Akcesoria_32_nr_katalogowy;Akcesoria_33_nr_katalogowy;Akcesoria_34_nr_katalogowy;Akcesoria_35_nr_katalogowy;Akcesoria_36_nr_katalogowy;Akcesoria_37_nr_katalogowy;Akcesoria_38_nr_katalogowy;Akcesoria_39_nr_katalogowy;Akcesoria_40_nr_katalogowy;Akcesoria_41_nr_katalogowy;Akcesoria_42_nr_katalogowy;Akcesoria_43_nr_katalogowy;Akcesoria_44_nr_katalogowy;Akcesoria_45_nr_katalogowy;Akcesoria_46_nr_katalogowy;Akcesoria_47_nr_katalogowy;Akcesoria_48_nr_katalogowy;Akcesoria_49_nr_katalogowy;Akcesoria_50_nr_katalogowy;KONIEC
HYDRAULIKA SIŁOWA;Hydraulika Siłowa.jpg;elementy;;HYDRAULIKA SIŁOWA;HYDRAULIKA SIŁOWA;HYDRAULIKA SIŁOWA;;;POWER HYDRAULICS;;;;POWER HYDRAULICS;POWER HYDRAULICS;POWER HYDRAULICS;;;;;;;;;;;;;;;;;;;;;;;;;;;;;;;;;;;;;;;;;;;;;;;;;;;;;;;;;;;;;;;;;;;;;;;;;;;;;;;;;;;;;;;;;;;;;;;;;;;;;;;;;;;;;;;;;;;;;;;;;;;;;;;;;;;;;;;;;;;;;;;;;;;;;;;;;;;;;;;;;;;;;02-163971;;8.0;;;;;;;;;;;;;54.96;;;;;;;;;;;;;;;2 DO 1, C-10-2, 76 LITRÓW, 350 BAR, 38-350 BAR;;;;;ZAWÓR PRZELEWOWY RV8-10-S-0-50;;;;;;;;;;;;;;;;;;;;;;;;;;;;;;;;;;;;;;;;;;;;;;;;;;;;;;;;;;;;;;;;;;;;;;;;;;;;;;;;;;;;;;;;;;;;;;;;;;;;;;;;;;;;;;;;;;;;;;;;;;;;;;;;;;;;;;;;;;;;;;;;;;;;;;;;;;;;;;;;;;;;;;;;;;;;;;;;;;;;;;;;;;;;;;;;;;;;;;;;;;;;;;;;;;;;;;;;;;;;;;;;;;;;;;;;;;;;;;;;;;;;;;;;;;;;;;;;;;;;;;;;;;;;;;;;;;;;;;;;;;;;;;;;;;;;;;;;;;;;;;;;;;;;;;;;;;;;;;;;;;;;;;;;;;;;;;;;;;;;;;;;;;;;;;;;;;;;;;;;;;;;;;;;;;;;;;;;;;;;;;;
HYDRAULIKA SIŁOWA;Hydraulika Siłowa.jpg;elementy;;HYDRAULIKA SIŁOWA;HYDRAULIKA SIŁOWA;HYDRAULIKA SIŁOWA;;;POWER HYDRAULICS;;;;POWER HYDRAULICS;POWER HYDRAULICS;POWER HYDRAULICS;;;;;;;;;;;;;;;;;;;;;;;;;;;;;;;;;;;;;;;;;;;;;;;;;;;;;;;;;;;;;;;;;;;;;;;;;;;;;;;;;;;;;;;;;;;;;;;;;;;;;;;;;;;;;;;;;;;;;;;;;;;;;;;;;;;;;;;;;;;;;;;;;;;;;;;;;;;;;;;;;;;;;RVD50-20A-0-N-50;;2.0;;;;;;;;;;;;;60.5;;;;;;;;;;;;;;;VC10-2, 114 LITRÓW, 413,7 BAR, 275.8-350 BAR;;;;;ZAWÓR PRZELEWOWY RVD50-20A-0-N-50;;;;;;;;;;;;;;;;;;;;;;;;;;;;;;;;;;;;;;;;;;;;;;;;;;;;;;;;;;;;;;;;;;;;;;;;;;;;;;;;;;;;;;;;;;;;;;;;;;;;;;;;;;;;;;;;;;;;;;;;;;;;;;;;;;;;;;;;;;;;;;;;;;;;;;;;;;;;;;;;;;;;;;;;;;;;;;;;;;;;;;;;;;;;;;;;;;;;;;;;;;;;;;;;;;;;;;;;;;;;;;;;;;;;;;;;;;;;;;;;;;;;;;;;;;;;;;;;;;;;;;;;;;;;;;;;;;;;;;;;;;;;;;;;;;;;;;;;;;;;;;;;;;;;;;;;;;;;;;;;;;;;;;;;;;;;;;;;;;;;;;;;;;;;;;;;;;;;;;;;;;;;;;;;;;;;;;;;;;;;;;;
HYDRAULIKA SIŁOWA;Hydraulika Siłowa.jpg;elementy;;HYDRAULIKA SIŁOWA;HYDRAULIKA SIŁOWA;HYDRAULIKA SIŁOWA;;;POWER HYDRAULICS;;;;POWER HYDRAULICS;POWER HYDRAULICS;POWER HYDRAULICS;;;;;;;;;;;;;;;;;;;;;;;;;;;;;;;;;;;;;;;;;;;;;;;;;;;;;;;;;;;;;;;;;;;;;;;;;;;;;;;;;;;;;;;;;;;;;;;;;;;;;;;;;;;;;;;;;;;;;;;;;;;;;;;;;;;;;;;;;;;;;;;;;;;;;;;;;;;;;;;;;;;;;RVD50-20A-0-V-32;;1.0;;;;;;;;;;;;;60.5;;;;;;;;;;;;;;;VC10-2, 95 LITRÓW, 413,7 BAR, 137,9-220,6 BAR;;;;;ZAWÓR PRZELEWOWY RVD50-20A-0-V-32;;;;;;;;;;;;;;;;;;;;;;;;;;;;;;;;;;;;;;;;;;;;;;;;;;;;;;;;;;;;;;;;;;;;;;;;;;;;;;;;;;;;;;;;;;;;;;;;;;;;;;;;;;;;;;;;;;;;;;;;;;;;;;;;;;;;;;;;;;;;;;;;;;;;;;;;;;;;;;;;;;;;;;;;;;;;;;;;;;;;;;;;;;;;;;;;;;;;;;;;;;;;;;;;;;;;;;;;;;;;;;;;;;;;;;;;;;;;;;;;;;;;;;;;;;;;;;;;;;;;;;;;;;;;;;;;;;;;;;;;;;;;;;;;;;;;;;;;;;;;;;;;;;;;;;;;;;;;;;;;;;;;;;;;;;;;;;;;;;;;;;;;;;;;;;;;;;;;;;;;;;;;;;;;;;;;;;;;;;;;;;;
HYDRAULIKA SIŁOWA;Hydraulika Siłowa.jpg;elementy;;HYDRAULIKA SIŁOWA;HYDRAULIKA SIŁOWA;HYDRAULIKA SIŁOWA;;;POWER HYDRAULICS;;;;POWER HYDRAULICS;POWER HYDRAULICS;POWER HYDRAULICS;;;;;;;;;;;;;;;;;;;;;;;;;;;;;;;;;;;;;;;;;;;;;;;;;;;;;;;;;;;;;;;;;;;;;;;;;;;;;;;;;;;;;;;;;;;;;;;;;;;;;;;;;;;;;;;;;;;;;;;;;;;;;;;;;;;;;;;;;;;;;;;;;;;;;;;;;;;;;;;;;;;;;RVD50-20C-0-P-42/240;;1.0;;;;;;;;;;;;;60.5;;;;;;;;;;;;;;;VC10-2, 114 LITRÓW, 413,7 BAR, 206.8-289.6 BAR;;;;;ZAWÓR PRZELEWOWY RVD50-20C-0-P-42/240;;;;;;;;;;;;;;;;;;;;;;;;;;;;;;;;;;;;;;;;;;;;;;;;;;;;;;;;;;;;;;;;;;;;;;;;;;;;;;;;;;;;;;;;;;;;;;;;;;;;;;;;;;;;;;;;;;;;;;;;;;;;;;;;;;;;;;;;;;;;;;;;;;;;;;;;;;;;;;;;;;;;;;;;;;;;;;;;;;;;;;;;;;;;;;;;;;;;;;;;;;;;;;;;;;;;;;;;;;;;;;;;;;;;;;;;;;;;;;;;;;;;;;;;;;;;;;;;;;;;;;;;;;;;;;;;;;;;;;;;;;;;;;;;;;;;;;;;;;;;;;;;;;;;;;;;;;;;;;;;;;;;;;;;;;;;;;;;;;;;;;;;;;;;;;;;;;;;;;;;;;;;;;;;;;;;;;;;;;;;;;;
HYDRAULIKA SIŁOWA;Hydraulika Siłowa.jpg;elementy;;HYDRAULIKA SIŁOWA;HYDRAULIKA SIŁOWA;HYDRAULIKA SIŁOWA;;;POWER HYDRAULICS;;;;POWER HYDRAULICS;POWER HYDRAULICS;POWER HYDRAULICS;;;;;;;;;;;;;;;;;;;;;;;;;;;;;;;;;;;;;;;;;;;;;;;;;;;;;;;;;;;;;;;;;;;;;;;;;;;;;;;;;;;;;;;;;;;;;;;;;;;;;;;;;;;;;;;;;;;;;;;;;;;;;;;;;;;;;;;;;;;;;;;;;;;;;;;;;;;;;;;;;;;;;TS10-26A-0-N-0;;1.0;;;;;;;;;;;;;101.75;;;;;;;;;;;;;;;PROP, VC10-2, 94,6 LITRA, 241 BAR, 0-207 BAR;;;;;ZAWÓR PRZELEWOWY TS10-26A-0-N-0;;;;;;;;;;;;;;;;;;;;;;;;;;;;;;;;;;;;;;;;;;;;;;;;;;;;;;;;;;;;;;;;;;;;;;;;;;;;;;;;;;;;;;;;;;;;;;;;;;;;;;;;;;;;;;;;;;;;;;;;;;;;;;;;;;;;;;;;;;;;;;;;;;;;;;;;;;;;;;;;;;;;;;;;;;;;;;;;;;;;;;;;;;;;;;;;;;;;;;;;;;;;;;;;;;;;;;;;;;;;;;;;;;;;;;;;;;;;;;;;;;;;;;;;;;;;;;;;;;;;;;;;;;;;;;;;;;;;;;;;;;;;;;;;;;;;;;;;;;;;;;;;;;;;;;;;;;;;;;;;;;;;;;;;;;;;;;;;;;;;;;;;;;;;;;;;;;;;;;;;;;;;;;;;;;;;;;;;;;;;;;;
HYDRAULIKA SIŁOWA;Hydraulika Siłowa.jpg;elementy;;HYDRAULIKA SIŁOWA;HYDRAULIKA SIŁOWA;HYDRAULIKA SIŁOWA;;;POWER HYDRAULICS;;;;POWER HYDRAULICS;POWER HYDRAULICS;POWER HYDRAULICS;;;;;;;;;;;;;;;;;;;;;;;;;;;;;;;;;;;;;;;;;;;;;;;;;;;;;;;;;;;;;;;;;;;;;;;;;;;;;;;;;;;;;;;;;;;;;;;;;;;;;;;;;;;;;;;;;;;;;;;;;;;;;;;;;;;;;;;;;;;;;;;;;;;;;;;;;;;;;;;;;;;;;TS10-27A-0-N-0;;1.0;;;;;;;;;;;;;104.0;;;;;;;;;;;;;;;PROP, INVERSE, VC10-2, 75,7 LITRA, 275,8 BAR, 206,8-6,9 BAR;;;;;ZAWÓR PRZELEWOWY TS10-27A-0-N-0;;;;;;;;;;;;;;;;;;;;;;;;;;;;;;;;;;;;;;;;;;;;;;;;;;;;;;;;;;;;;;;;;;;;;;;;;;;;;;;;;;;;;;;;;;;;;;;;;;;;;;;;;;;;;;;;;;;;;;;;;;;;;;;;;;;;;;;;;;;;;;;;;;;;;;;;;;;;;;;;;;;;;;;;;;;;;;;;;;;;;;;;;;;;;;;;;;;;;;;;;;;;;;;;;;;;;;;;;;;;;;;;;;;;;;;;;;;;;;;;;;;;;;;;;;;;;;;;;;;;;;;;;;;;;;;;;;;;;;;;;;;;;;;;;;;;;;;;;;;;;;;;;;;;;;;;;;;;;;;;;;;;;;;;;;;;;;;;;;;;;;;;;;;;;;;;;;;;;;;;;;;;;;;;;;;;;;;;;;;;;;;
HYDRAULIKA SIŁOWA;Hydraulika Siłowa.jpg;elementy;;HYDRAULIKA SIŁOWA;HYDRAULIKA SIŁOWA;HYDRAULIKA SIŁOWA;;;POWER HYDRAULICS;;;;POWER HYDRAULICS;POWER HYDRAULICS;POWER HYDRAULICS;;;;;;;;;;;;;;;;;;;;;;;;;;;;;;;;;;;;;;;;;;;;;;;;;;;;;;;;;;;;;;;;;;;;;;;;;;;;;;;;;;;;;;;;;;;;;;;;;;;;;;;;;;;;;;;;;;;;;;;;;;;;;;;;;;;;;;;;;;;;;;;;;;;;;;;;;;;;;;;;;;;;;TS58-20-50-P-0;;1.0;;;;;;;;;;;;;120.5;;;;;;;;;;;;;;;PROP, VC08-2, 7,6 LITRA, 428 BAR, 0-345 BAR;;;;;ZAWÓR PRZELEWOWY TS58-20-50-P-0;;;;;;;;;;;;;;;;;;;;;;;;;;;;;;;;;;;;;;;;;;;;;;;;;;;;;;;;;;;;;;;;;;;;;;;;;;;;;;;;;;;;;;;;;;;;;;;;;;;;;;;;;;;;;;;;;;;;;;;;;;;;;;;;;;;;;;;;;;;;;;;;;;;;;;;;;;;;;;;;;;;;;;;;;;;;;;;;;;;;;;;;;;;;;;;;;;;;;;;;;;;;;;;;;;;;;;;;;;;;;;;;;;;;;;;;;;;;;;;;;;;;;;;;;;;;;;;;;;;;;;;;;;;;;;;;;;;;;;;;;;;;;;;;;;;;;;;;;;;;;;;;;;;;;;;;;;;;;;;;;;;;;;;;;;;;;;;;;;;;;;;;;;;;;;;;;;;;;;;;;;;;;;;;;;;;;;;;;;;;;;;
HYDRAULIKA SIŁOWA;Hydraulika Siłowa.jpg;elementy;;HYDRAULIKA SIŁOWA;HYDRAULIKA SIŁOWA;HYDRAULIKA SIŁOWA;;;POWER HYDRAULICS;;;;POWER HYDRAULICS;POWER HYDRAULICS;POWER HYDRAULICS;;;;;;;;;;;;;;;;;;;;;;;;;;;;;;;;;;;;;;;;;;;;;;;;;;;;;;;;;;;;;;;;;;;;;;;;;;;;;;;;;;;;;;;;;;;;;;;;;;;;;;;;;;;;;;;;;;;;;;;;;;;;;;;;;;;;;;;;;;;;;;;;;;;;;;;;;;;;;;;;;;;;;TS58-21F-0-P-0-50;;1.0;;;;;;;;;;;;;77.25;;;;;;;;;;;;;;;PROP, INVERSE, VC08-2, 2 LITRY, 393BAR, 344,7-6,9 BAR;;;;;ZAWÓR PRZELEWOWY TS58-21F-0-P-0-50;;;;;;;;;;;;;;;;;;;;;;;;;;;;;;;;;;;;;;;;;;;;;;;;;;;;;;;;;;;;;;;;;;;;;;;;;;;;;;;;;;;;;;;;;;;;;;;;;;;;;;;;;;;;;;;;;;;;;;;;;;;;;;;;;;;;;;;;;;;;;;;;;;;;;;;;;;;;;;;;;;;;;;;;;;;;;;;;;;;;;;;;;;;;;;;;;;;;;;;;;;;;;;;;;;;;;;;;;;;;;;;;;;;;;;;;;;;;;;;;;;;;;;;;;;;;;;;;;;;;;;;;;;;;;;;;;;;;;;;;;;;;;;;;;;;;;;;;;;;;;;;;;;;;;;;;;;;;;;;;;;;;;;;;;;;;;;;;;;;;;;;;;;;;;;;;;;;;;;;;;;;;;;;;;;;;;;;;;;;;;;;
HYDRAULIKA SIŁOWA;Hydraulika Siłowa.jpg;elementy;;HYDRAULIKA SIŁOWA;HYDRAULIKA SIŁOWA;HYDRAULIKA SIŁOWA;;;POWER HYDRAULICS;;;;POWER HYDRAULICS;POWER HYDRAULICS;POWER HYDRAULICS;;;;;;;;;;;;;;;;;;;;;;;;;;;;;;;;;;;;;;;;;;;;;;;;;;;;;;;;;;;;;;;;;;;;;;;;;;;;;;;;;;;;;;;;;;;;;;;;;;;;;;;;;;;;;;;;;;;;;;;;;;;;;;;;;;;;;;;;;;;;;;;;;;;;;;;;;;;;;;;;;;;;;407AA00013A;;1.0;;;;;;;;;;;;;91.8;;;;;;;;;;;;;;;C-10-2, 50 LITRÓW, 250 BAR, 75-200 BAR;;;;;ZAWÓR PRZELEWOWY-DUAL 1CLLR50-F-25S;;;;;;;;;;;;;;;;;;;;;;;;;;;;;;;;;;;;;;;;;;;;;;;;;;;;;;;;;;;;;;;;;;;;;;;;;;;;;;;;;;;;;;;;;;;;;;;;;;;;;;;;;;;;;;;;;;;;;;;;;;;;;;;;;;;;;;;;;;;;;;;;;;;;;;;;;;;;;;;;;;;;;;;;;;;;;;;;;;;;;;;;;;;;;;;;;;;;;;;;;;;;;;;;;;;;;;;;;;;;;;;;;;;;;;;;;;;;;;;;;;;;;;;;;;;;;;;;;;;;;;;;;;;;;;;;;;;;;;;;;;;;;;;;;;;;;;;;;;;;;;;;;;;;;;;;;;;;;;;;;;;;;;;;;;;;;;;;;;;;;;;;;;;;;;;;;;;;;;;;;;;;;;;;;;;;;;;;;;;;;;;
HYDRAULIKA SIŁOWA;Hydraulika Siłowa.jpg;elementy;;HYDRAULIKA SIŁOWA;HYDRAULIKA SIŁOWA;HYDRAULIKA SIŁOWA;;;POWER HYDRAULICS;;;;POWER HYDRAULICS;POWER HYDRAULICS;POWER HYDRAULICS;;;;;;;;;;;;;;;;;;;;;;;;;;;;;;;;;;;;;;;;;;;;;;;;;;;;;;;;;;;;;;;;;;;;;;;;;;;;;;;;;;;;;;;;;;;;;;;;;;;;;;;;;;;;;;;;;;;;;;;;;;;;;;;;;;;;;;;;;;;;;;;;;;;;;;;;;;;;;;;;;;;;;407AA00032A;;1.0;;;;;;;;;;;;;124.17;;;;;;;;;;;;;;;3, A3146, 60 LITRÓW, 350 BAR, 70-210 BAR;;;;;ZAWÓR PRZELEWOWY-UNLOAD 1UL60P20S;;;;;;;;;;;;;;;;;;;;;;;;;;;;;;;;;;;;;;;;;;;;;;;;;;;;;;;;;;;;;;;;;;;;;;;;;;;;;;;;;;;;;;;;;;;;;;;;;;;;;;;;;;;;;;;;;;;;;;;;;;;;;;;;;;;;;;;;;;;;;;;;;;;;;;;;;;;;;;;;;;;;;;;;;;;;;;;;;;;;;;;;;;;;;;;;;;;;;;;;;;;;;;;;;;;;;;;;;;;;;;;;;;;;;;;;;;;;;;;;;;;;;;;;;;;;;;;;;;;;;;;;;;;;;;;;;;;;;;;;;;;;;;;;;;;;;;;;;;;;;;;;;;;;;;;;;;;;;;;;;;;;;;;;;;;;;;;;;;;;;;;;;;;;;;;;;;;;;;;;;;;;;;;;;;;;;;;;;;;;;;;
HYDRAULIKA SIŁOWA;Hydraulika Siłowa.jpg;elementy;;HYDRAULIKA SIŁOWA;HYDRAULIKA SIŁOWA;HYDRAULIKA SIŁOWA;;;POWER HYDRAULICS;;;;POWER HYDRAULICS;POWER HYDRAULICS;POWER HYDRAULICS;;;;;;;;;;;;;;;;;;;;;;;;;;;;;;;;;;;;;;;;;;;;;;;;;;;;;;;;;;;;;;;;;;;;;;;;;;;;;;;;;;;;;;;;;;;;;;;;;;;;;;;;;;;;;;;;;;;;;;;;;;;;;;;;;;;;;;;;;;;;;;;;;;;;;;;;;;;;;;;;;;;;;407AA00010A;;1.0;;;;;;;;;;;;;82.78;;;;;;;;;;;;;;;3, A3146, 100 LITRÓW, 350 BAR, 30-350 BAR;;;;;ZAWÓR PRZELEWOWY-WENT 1VR100P35S;;;;;;;;;;;;;;;;;;;;;;;;;;;;;;;;;;;;;;;;;;;;;;;;;;;;;;;;;;;;;;;;;;;;;;;;;;;;;;;;;;;;;;;;;;;;;;;;;;;;;;;;;;;;;;;;;;;;;;;;;;;;;;;;;;;;;;;;;;;;;;;;;;;;;;;;;;;;;;;;;;;;;;;;;;;;;;;;;;;;;;;;;;;;;;;;;;;;;;;;;;;;;;;;;;;;;;;;;;;;;;;;;;;;;;;;;;;;;;;;;;;;;;;;;;;;;;;;;;;;;;;;;;;;;;;;;;;;;;;;;;;;;;;;;;;;;;;;;;;;;;;;;;;;;;;;;;;;;;;;;;;;;;;;;;;;;;;;;;;;;;;;;;;;;;;;;;;;;;;;;;;;;;;;;;;;;;;;;;;;;;;
HYDRAULIKA SIŁOWA;Hydraulika Siłowa.jpg;elementy;;HYDRAULIKA SIŁOWA;HYDRAULIKA SIŁOWA;HYDRAULIKA SIŁOWA;;;POWER HYDRAULICS;;;;POWER HYDRAULICS;POWER HYDRAULICS;POWER HYDRAULICS;;;;;;;;;;;;;;;;;;;;;;;;;;;;;;;;;;;;;;;;;;;;;;;;;;;;;;;;;;;;;;;;;;;;;;;;;;;;;;;;;;;;;;;;;;;;;;;;;;;;;;;;;;;;;;;;;;;;;;;;;;;;;;;;;;;;;;;;;;;;;;;;;;;;;;;;;;;;;;;;;;;;;407AA00012A;;1.0;;;;;;;;;;;;;113.43;;;;;;;;;;;;;;;3, A16102, 200 LITRÓW, 350 BAR, 30-350 BAR;;;;;ZAWÓR PRZELEWOWY-WENT 1VR200P35S;;;;;;;;;;;;;;;;;;;;;;;;;;;;;;;;;;;;;;;;;;;;;;;;;;;;;;;;;;;;;;;;;;;;;;;;;;;;;;;;;;;;;;;;;;;;;;;;;;;;;;;;;;;;;;;;;;;;;;;;;;;;;;;;;;;;;;;;;;;;;;;;;;;;;;;;;;;;;;;;;;;;;;;;;;;;;;;;;;;;;;;;;;;;;;;;;;;;;;;;;;;;;;;;;;;;;;;;;;;;;;;;;;;;;;;;;;;;;;;;;;;;;;;;;;;;;;;;;;;;;;;;;;;;;;;;;;;;;;;;;;;;;;;;;;;;;;;;;;;;;;;;;;;;;;;;;;;;;;;;;;;;;;;;;;;;;;;;;;;;;;;;;;;;;;;;;;;;;;;;;;;;;;;;;;;;;;;;;;;;;;;
HYDRAULIKA SIŁOWA;Hydraulika Siłowa.jpg;elementy;;HYDRAULIKA SIŁOWA;HYDRAULIKA SIŁOWA;HYDRAULIKA SIŁOWA;;;POWER HYDRAULICS;;;;POWER HYDRAULICS;POWER HYDRAULICS;POWER HYDRAULICS;;;;;;;;;;;;;;;;;;;;;;;;;;;;;;;;;;;;;;;;;;;;;;;;;;;;;;;;;;;;;;;;;;;;;;;;;;;;;;;;;;;;;;;;;;;;;;;;;;;;;;;;;;;;;;;;;;;;;;;;;;;;;;;;;;;;;;;;;;;;;;;;;;;;;;;;;;;;;;;;;;;;;407AA01758A;;1.0;;;;;;;;;;;;;113.43;;;;;;;;;;;;;;;3, A16102, 200 LITRÓW, 350 BAR, 30-350 BAR;;;;;ZAWÓR PRZELEWOWY-WENT 1VR250P8W35S377;;;;;;;;;;;;;;;;;;;;;;;;;;;;;;;;;;;;;;;;;;;;;;;;;;;;;;;;;;;;;;;;;;;;;;;;;;;;;;;;;;;;;;;;;;;;;;;;;;;;;;;;;;;;;;;;;;;;;;;;;;;;;;;;;;;;;;;;;;;;;;;;;;;;;;;;;;;;;;;;;;;;;;;;;;;;;;;;;;;;;;;;;;;;;;;;;;;;;;;;;;;;;;;;;;;;;;;;;;;;;;;;;;;;;;;;;;;;;;;;;;;;;;;;;;;;;;;;;;;;;;;;;;;;;;;;;;;;;;;;;;;;;;;;;;;;;;;;;;;;;;;;;;;;;;;;;;;;;;;;;;;;;;;;;;;;;;;;;;;;;;;;;;;;;;;;;;;;;;;;;;;;;;;;;;;;;;;;;;;;;;;
HYDRAULIKA SIŁOWA;Hydraulika Siłowa.jpg;elementy;;HYDRAULIKA SIŁOWA;HYDRAULIKA SIŁOWA;HYDRAULIKA SIŁOWA;;;POWER HYDRAULICS;;;;POWER HYDRAULICS;POWER HYDRAULICS;POWER HYDRAULICS;;;;;;;;;;;;;;;;;;;;;;;;;;;;;;;;;;;;;;;;;;;;;;;;;;;;;;;;;;;;;;;;;;;;;;;;;;;;;;;;;;;;;;;;;;;;;;;;;;;;;;;;;;;;;;;;;;;;;;;;;;;;;;;;;;;;;;;;;;;;;;;;;;;;;;;;;;;;;;;;;;;;;02-318438;;1.0;;;;;;;;;;;;;204.59;;;;;;;;;;;;;;;"NG6, P, 60 LITRÓW, 315 BAR, 20-250 BAR, G1/4""";;;;;ZAWÓR RED-PRZELEWOWY DGMX3-3-PP-FW-B-40;;;;;;;;;;;;;;;;;;;;;;;;;;;;;;;;;;;;;;;;;;;;;;;;;;;;;;;;;;;;;;;;;;;;;;;;;;;;;;;;;;;;;;;;;;;;;;;;;;;;;;;;;;;;;;;;;;;;;;;;;;;;;;;;;;;;;;;;;;;;;;;;;;;;;;;;;;;;;;;;;;;;;;;;;;;;;;;;;;;;;;;;;;;;;;;;;;;;;;;;;;;;;;;;;;;;;;;;;;;;;;;;;;;;;;;;;;;;;;;;;;;;;;;;;;;;;;;;;;;;;;;;;;;;;;;;;;;;;;;;;;;;;;;;;;;;;;;;;;;;;;;;;;;;;;;;;;;;;;;;;;;;;;;;;;;;;;;;;;;;;;;;;;;;;;;;;;;;;;;;;;;;;;;;;;;;;;;;;;;;;;;
HYDRAULIKA SIŁOWA;Hydraulika Siłowa.jpg;elementy;;HYDRAULIKA SIŁOWA;HYDRAULIKA SIŁOWA;HYDRAULIKA SIŁOWA;;;POWER HYDRAULICS;;;;POWER HYDRAULICS;POWER HYDRAULICS;POWER HYDRAULICS;;;;;;;;;;;;;;;;;;;;;;;;;;;;;;;;;;;;;;;;;;;;;;;;;;;;;;;;;;;;;;;;;;;;;;;;;;;;;;;;;;;;;;;;;;;;;;;;;;;;;;;;;;;;;;;;;;;;;;;;;;;;;;;;;;;;;;;;;;;;;;;;;;;;;;;;;;;;;;;;;;;;;EHPR98-T33-12ER;;1.0;;;;;;;;;;;;;0.0;;;;;;;;;;;;;;;PROP, VC-T009, 3,8 LITRA, 241 BAR;;;;;ZAWÓR RED-PRZELEWOWY EHPR98-T33-0-N-12ER;;;;;;;;;;;;;;;;;;;;;;;;;;;;;;;;;;;;;;;;;;;;;;;;;;;;;;;;;;;;;;;;;;;;;;;;;;;;;;;;;;;;;;;;;;;;;;;;;;;;;;;;;;;;;;;;;;;;;;;;;;;;;;;;;;;;;;;;;;;;;;;;;;;;;;;;;;;;;;;;;;;;;;;;;;;;;;;;;;;;;;;;;;;;;;;;;;;;;;;;;;;;;;;;;;;;;;;;;;;;;;;;;;;;;;;;;;;;;;;;;;;;;;;;;;;;;;;;;;;;;;;;;;;;;;;;;;;;;;;;;;;;;;;;;;;;;;;;;;;;;;;;;;;;;;;;;;;;;;;;;;;;;;;;;;;;;;;;;;;;;;;;;;;;;;;;;;;;;;;;;;;;;;;;;;;;;;;;;;;;;;;
HYDRAULIKA SIŁOWA;Hydraulika Siłowa.jpg;elementy;;HYDRAULIKA SIŁOWA;HYDRAULIKA SIŁOWA;HYDRAULIKA SIŁOWA;;;POWER HYDRAULICS;;;;POWER HYDRAULICS;POWER HYDRAULICS;POWER HYDRAULICS;;;;;;;;;;;;;;;;;;;;;;;;;;;;;;;;;;;;;;;;;;;;;;;;;;;;;;;;;;;;;;;;;;;;;;;;;;;;;;;;;;;;;;;;;;;;;;;;;;;;;;;;;;;;;;;;;;;;;;;;;;;;;;;;;;;;;;;;;;;;;;;;;;;;;;;;;;;;;;;;;;;;;EHPR98-T33-24ER;;0.0;;;;;;;;;;;;;0.0;;;;;;;;;;;;;;;PROP, VC-T009, 3,8 LITRA, 241 BAR;;;;;ZAWÓR RED-PRZELEWOWY EHPR98-T33-0-N-24ER;;;;;;;;;;;;;;;;;;;;;;;;;;;;;;;;;;;;;;;;;;;;;;;;;;;;;;;;;;;;;;;;;;;;;;;;;;;;;;;;;;;;;;;;;;;;;;;;;;;;;;;;;;;;;;;;;;;;;;;;;;;;;;;;;;;;;;;;;;;;;;;;;;;;;;;;;;;;;;;;;;;;;;;;;;;;;;;;;;;;;;;;;;;;;;;;;;;;;;;;;;;;;;;;;;;;;;;;;;;;;;;;;;;;;;;;;;;;;;;;;;;;;;;;;;;;;;;;;;;;;;;;;;;;;;;;;;;;;;;;;;;;;;;;;;;;;;;;;;;;;;;;;;;;;;;;;;;;;;;;;;;;;;;;;;;;;;;;;;;;;;;;;;;;;;;;;;;;;;;;;;;;;;;;;;;;;;;;;;;;;;;
HYDRAULIKA SIŁOWA;Hydraulika Siłowa.jpg;elementy;;HYDRAULIKA SIŁOWA;HYDRAULIKA SIŁOWA;HYDRAULIKA SIŁOWA;;;POWER HYDRAULICS;;;;POWER HYDRAULICS;POWER HYDRAULICS;POWER HYDRAULICS;;;;;;;;;;;;;;;;;;;;;;;;;;;;;;;;;;;;;;;;;;;;;;;;;;;;;;;;;;;;;;;;;;;;;;;;;;;;;;;;;;;;;;;;;;;;;;;;;;;;;;;;;;;;;;;;;;;;;;;;;;;;;;;;;;;;;;;;;;;;;;;;;;;;;;;;;;;;;;;;;;;;;02-200935;;1.0;;;;;;;;;;;;;0.0;;;;;;;;;;;;;;;PROP, C-10-3, 30 LITRÓW, 207 BAR, 6,9-207 BAR;;;;;ZAWÓR RED-PRZELEWOWY EPRV3-10-30-0-00;;;;;;;;;;;;;;;;;;;;;;;;;;;;;;;;;;;;;;;;;;;;;;;;;;;;;;;;;;;;;;;;;;;;;;;;;;;;;;;;;;;;;;;;;;;;;;;;;;;;;;;;;;;;;;;;;;;;;;;;;;;;;;;;;;;;;;;;;;;;;;;;;;;;;;;;;;;;;;;;;;;;;;;;;;;;;;;;;;;;;;;;;;;;;;;;;;;;;;;;;;;;;;;;;;;;;;;;;;;;;;;;;;;;;;;;;;;;;;;;;;;;;;;;;;;;;;;;;;;;;;;;;;;;;;;;;;;;;;;;;;;;;;;;;;;;;;;;;;;;;;;;;;;;;;;;;;;;;;;;;;;;;;;;;;;;;;;;;;;;;;;;;;;;;;;;;;;;;;;;;;;;;;;;;;;;;;;;;;;;;;;
HYDRAULIKA SIŁOWA;Hydraulika Siłowa.jpg;elementy;;HYDRAULIKA SIŁOWA;HYDRAULIKA SIŁOWA;HYDRAULIKA SIŁOWA;;;POWER HYDRAULICS;;;;POWER HYDRAULICS;POWER HYDRAULICS;POWER HYDRAULICS;;;;;;;;;;;;;;;;;;;;;;;;;;;;;;;;;;;;;;;;;;;;;;;;;;;;;;;;;;;;;;;;;;;;;;;;;;;;;;;;;;;;;;;;;;;;;;;;;;;;;;;;;;;;;;;;;;;;;;;;;;;;;;;;;;;;;;;;;;;;;;;;;;;;;;;;;;;;;;;;;;;;;PR50-36A-0-P-15;;1.0;;;;;;;;;;;;;56.0;;;;;;;;;;;;;;;VC10-3, 56 LITRÓW, 345 BAR, 27,6-103,4 BAR;;;;;ZAWÓR RED-PRZELEWOWY PR50-36A-0-P-15;;;;;;;;;;;;;;;;;;;;;;;;;;;;;;;;;;;;;;;;;;;;;;;;;;;;;;;;;;;;;;;;;;;;;;;;;;;;;;;;;;;;;;;;;;;;;;;;;;;;;;;;;;;;;;;;;;;;;;;;;;;;;;;;;;;;;;;;;;;;;;;;;;;;;;;;;;;;;;;;;;;;;;;;;;;;;;;;;;;;;;;;;;;;;;;;;;;;;;;;;;;;;;;;;;;;;;;;;;;;;;;;;;;;;;;;;;;;;;;;;;;;;;;;;;;;;;;;;;;;;;;;;;;;;;;;;;;;;;;;;;;;;;;;;;;;;;;;;;;;;;;;;;;;;;;;;;;;;;;;;;;;;;;;;;;;;;;;;;;;;;;;;;;;;;;;;;;;;;;;;;;;;;;;;;;;;;;;;;;;;;;
HYDRAULIKA SIŁOWA;Hydraulika Siłowa.jpg;elementy;;HYDRAULIKA SIŁOWA;HYDRAULIKA SIŁOWA;HYDRAULIKA SIŁOWA;;;POWER HYDRAULICS;;;;POWER HYDRAULICS;POWER HYDRAULICS;POWER HYDRAULICS;;;;;;;;;;;;;;;;;;;;;;;;;;;;;;;;;;;;;;;;;;;;;;;;;;;;;;;;;;;;;;;;;;;;;;;;;;;;;;;;;;;;;;;;;;;;;;;;;;;;;;;;;;;;;;;;;;;;;;;;;;;;;;;;;;;;;;;;;;;;;;;;;;;;;;;;;;;;;;;;;;;;;PR58-38A-0-N-20;;1.0;;;;;;;;;;;;;57.75;;;;;;;;;;;;;;;VC08-3, 18,9 LITRA, 345 BAR, 34,5-141,4 BAR;;;;;ZAWÓR RED-PRZELEWOWY PR58-38A-0-N-20;;;;;;;;;;;;;;;;;;;;;;;;;;;;;;;;;;;;;;;;;;;;;;;;;;;;;;;;;;;;;;;;;;;;;;;;;;;;;;;;;;;;;;;;;;;;;;;;;;;;;;;;;;;;;;;;;;;;;;;;;;;;;;;;;;;;;;;;;;;;;;;;;;;;;;;;;;;;;;;;;;;;;;;;;;;;;;;;;;;;;;;;;;;;;;;;;;;;;;;;;;;;;;;;;;;;;;;;;;;;;;;;;;;;;;;;;;;;;;;;;;;;;;;;;;;;;;;;;;;;;;;;;;;;;;;;;;;;;;;;;;;;;;;;;;;;;;;;;;;;;;;;;;;;;;;;;;;;;;;;;;;;;;;;;;;;;;;;;;;;;;;;;;;;;;;;;;;;;;;;;;;;;;;;;;;;;;;;;;;;;;;
HYDRAULIKA SIŁOWA;Hydraulika Siłowa.jpg;elementy;;HYDRAULIKA SIŁOWA;HYDRAULIKA SIŁOWA;HYDRAULIKA SIŁOWA;;;POWER HYDRAULICS;;;;POWER HYDRAULICS;POWER HYDRAULICS;POWER HYDRAULICS;;;;;;;;;;;;;;;;;;;;;;;;;;;;;;;;;;;;;;;;;;;;;;;;;;;;;;;;;;;;;;;;;;;;;;;;;;;;;;;;;;;;;;;;;;;;;;;;;;;;;;;;;;;;;;;;;;;;;;;;;;;;;;;;;;;;;;;;;;;;;;;;;;;;;;;;;;;;;;;;;;;;;PR58-38A-0-P-05;;1.0;;;;;;;;;;;;;62.75;;;;;;;;;;;;;;;VC08-3, 18,9 LITRA, 345 BAR, 10,3-37,9 BAR;;;;;ZAWÓR RED-PRZELEWOWY PR58-38A-0-P-05;;;;;;;;;;;;;;;;;;;;;;;;;;;;;;;;;;;;;;;;;;;;;;;;;;;;;;;;;;;;;;;;;;;;;;;;;;;;;;;;;;;;;;;;;;;;;;;;;;;;;;;;;;;;;;;;;;;;;;;;;;;;;;;;;;;;;;;;;;;;;;;;;;;;;;;;;;;;;;;;;;;;;;;;;;;;;;;;;;;;;;;;;;;;;;;;;;;;;;;;;;;;;;;;;;;;;;;;;;;;;;;;;;;;;;;;;;;;;;;;;;;;;;;;;;;;;;;;;;;;;;;;;;;;;;;;;;;;;;;;;;;;;;;;;;;;;;;;;;;;;;;;;;;;;;;;;;;;;;;;;;;;;;;;;;;;;;;;;;;;;;;;;;;;;;;;;;;;;;;;;;;;;;;;;;;;;;;;;;;;;;;
HYDRAULIKA SIŁOWA;Hydraulika Siłowa.jpg;elementy;;HYDRAULIKA SIŁOWA;HYDRAULIKA SIŁOWA;HYDRAULIKA SIŁOWA;;;POWER HYDRAULICS;;;;POWER HYDRAULICS;POWER HYDRAULICS;POWER HYDRAULICS;;;;;;;;;;;;;;;;;;;;;;;;;;;;;;;;;;;;;;;;;;;;;;;;;;;;;;;;;;;;;;;;;;;;;;;;;;;;;;;;;;;;;;;;;;;;;;;;;;;;;;;;;;;;;;;;;;;;;;;;;;;;;;;;;;;;;;;;;;;;;;;;;;;;;;;;;;;;;;;;;;;;;MRP-01-C-30, 1105053;;1.0;;;;;;;;;;;;;97.5;;;;;;;;;;;;;;;"NG6, P, 35 LITRÓW, 315 BAR, 35-140 BAR, G1/4""";;;;;ZAWÓR REDUKCYJNY MRP-01-C-30;;;;;;;;;;;;;;;;;;;;;;;;;;;;;;;;;;;;;;;;;;;;;;;;;;;;;;;;;;;;;;;;;;;;;;;;;;;;;;;;;;;;;;;;;;;;;;;;;;;;;;;;;;;;;;;;;;;;;;;;;;;;;;;;;;;;;;;;;;;;;;;;;;;;;;;;;;;;;;;;;;;;;;;;;;;;;;;;;;;;;;;;;;;;;;;;;;;;;;;;;;;;;;;;;;;;;;;;;;;;;;;;;;;;;;;;;;;;;;;;;;;;;;;;;;;;;;;;;;;;;;;;;;;;;;;;;;;;;;;;;;;;;;;;;;;;;;;;;;;;;;;;;;;;;;;;;;;;;;;;;;;;;;;;;;;;;;;;;;;;;;;;;;;;;;;;;;;;;;;;;;;;;;;;;;;;;;;;;;;;;;;
HYDRAULIKA SIŁOWA;Hydraulika Siłowa.jpg;elementy;;HYDRAULIKA SIŁOWA;HYDRAULIKA SIŁOWA;HYDRAULIKA SIŁOWA;;;POWER HYDRAULICS;;;;POWER HYDRAULICS;POWER HYDRAULICS;POWER HYDRAULICS;;;;;;;;;;;;;;;;;;;;;;;;;;;;;;;;;;;;;;;;;;;;;;;;;;;;;;;;;;;;;;;;;;;;;;;;;;;;;;;;;;;;;;;;;;;;;;;;;;;;;;;;;;;;;;;;;;;;;;;;;;;;;;;;;;;;;;;;;;;;;;;;;;;;;;;;;;;;;;;;;;;;;PS10-41A-0-N-22;;1.0;;;;;;;;;;;;;1.0;;;;;;;;;;;;;;;VC10-4, 240 BAR, 37,9 LITRA, 15,2-151,7 BAR;;;;;ZAWÓR SEKWENCYJNY PS10-41A-0-N-22;;;;;;;;;;;;;;;;;;;;;;;;;;;;;;;;;;;;;;;;;;;;;;;;;;;;;;;;;;;;;;;;;;;;;;;;;;;;;;;;;;;;;;;;;;;;;;;;;;;;;;;;;;;;;;;;;;;;;;;;;;;;;;;;;;;;;;;;;;;;;;;;;;;;;;;;;;;;;;;;;;;;;;;;;;;;;;;;;;;;;;;;;;;;;;;;;;;;;;;;;;;;;;;;;;;;;;;;;;;;;;;;;;;;;;;;;;;;;;;;;;;;;;;;;;;;;;;;;;;;;;;;;;;;;;;;;;;;;;;;;;;;;;;;;;;;;;;;;;;;;;;;;;;;;;;;;;;;;;;;;;;;;;;;;;;;;;;;;;;;;;;;;;;;;;;;;;;;;;;;;;;;;;;;;;;;;;;;;;;;;;;
HYDRAULIKA SIŁOWA;Hydraulika Siłowa.jpg;elementy;;HYDRAULIKA SIŁOWA;HYDRAULIKA SIŁOWA;HYDRAULIKA SIŁOWA;;;POWER HYDRAULICS;;;;POWER HYDRAULICS;POWER HYDRAULICS;POWER HYDRAULICS;;;;;;;;;;;;;;;;;;;;;;;;;;;;;;;;;;;;;;;;;;;;;;;;;;;;;;;;;;;;;;;;;;;;;;;;;;;;;;;;;;;;;;;;;;;;;;;;;;;;;;;;;;;;;;;;;;;;;;;;;;;;;;;;;;;;;;;;;;;;;;;;;;;;;;;;;;;;;;;;;;;;;565581;;1.0;;;;;;;;;;;;;54.96;;;;;;;;;;;;;;;C-10-3, 23 LITRY, 210 BAR, 25-165 BAR;;;;;ZAWÓR SEKWENCYJNY PSV1-10-S-0-24;;;;;;;;;;;;;;;;;;;;;;;;;;;;;;;;;;;;;;;;;;;;;;;;;;;;;;;;;;;;;;;;;;;;;;;;;;;;;;;;;;;;;;;;;;;;;;;;;;;;;;;;;;;;;;;;;;;;;;;;;;;;;;;;;;;;;;;;;;;;;;;;;;;;;;;;;;;;;;;;;;;;;;;;;;;;;;;;;;;;;;;;;;;;;;;;;;;;;;;;;;;;;;;;;;;;;;;;;;;;;;;;;;;;;;;;;;;;;;;;;;;;;;;;;;;;;;;;;;;;;;;;;;;;;;;;;;;;;;;;;;;;;;;;;;;;;;;;;;;;;;;;;;;;;;;;;;;;;;;;;;;;;;;;;;;;;;;;;;;;;;;;;;;;;;;;;;;;;;;;;;;;;;;;;;;;;;;;;;;;;;;
HYDRAULIKA SIŁOWA;Hydraulika Siłowa.jpg;elementy;;HYDRAULIKA SIŁOWA;HYDRAULIKA SIŁOWA;HYDRAULIKA SIŁOWA;;;POWER HYDRAULICS;;;;POWER HYDRAULICS;POWER HYDRAULICS;POWER HYDRAULICS;;;;;;;;;;;;;;;;;;;;;;;;;;;;;;;;;;;;;;;;;;;;;;;;;;;;;;;;;;;;;;;;;;;;;;;;;;;;;;;;;;;;;;;;;;;;;;;;;;;;;;;;;;;;;;;;;;;;;;;;;;;;;;;;;;;;;;;;;;;;;;;;;;;;;;;;;;;;;;;;;;;;;SV08-20-0-N-0;;1.0;;;;;;;;;;;;;60.0;;;;;;;;;;;;;;; ;;;;;ZAWÓR SV08-20-0-N-0;;;;;;;;;;;;;;;;;;;;;;;;;;;;;;;;;;;;;;;;;;;;;;;;;;;;;;;;;;;;;;;;;;;;;;;;;;;;;;;;;;;;;;;;;;;;;;;;;;;;;;;;;;;;;;;;;;;;;;;;;;;;;;;;;;;;;;;;;;;;;;;;;;;;;;;;;;;;;;;;;;;;;;;;;;;;;;;;;;;;;;;;;;;;;;;;;;;;;;;;;;;;;;;;;;;;;;;;;;;;;;;;;;;;;;;;;;;;;;;;;;;;;;;;;;;;;;;;;;;;;;;;;;;;;;;;;;;;;;;;;;;;;;;;;;;;;;;;;;;;;;;;;;;;;;;;;;;;;;;;;;;;;;;;;;;;;;;;;;;;;;;;;;;;;;;;;;;;;;;;;;;;;;;;;;;;;;;;;;;;;;;
HYDRAULIKA SIŁOWA;Hydraulika Siłowa.jpg;elementy;;HYDRAULIKA SIŁOWA;HYDRAULIKA SIŁOWA;HYDRAULIKA SIŁOWA;;;POWER HYDRAULICS;;;;POWER HYDRAULICS;POWER HYDRAULICS;POWER HYDRAULICS;;;;;;;;;;;;;;;;;;;;;;;;;;;;;;;;;;;;;;;;;;;;;;;;;;;;;;;;;;;;;;;;;;;;;;;;;;;;;;;;;;;;;;;;;;;;;;;;;;;;;;;;;;;;;;;;;;;;;;;;;;;;;;;;;;;;;;;;;;;;;;;;;;;;;;;;;;;;;;;;;;;;;SV90-G39-0-G-12ERZ;;13.0;;;;;;;;;;;;;36.0;;;;;;;;;;;;;;; ;;;;;ZAWÓR SV90-G39-0-G-12ERZ;;;;;;;;;;;;;;;;;;;;;;;;;;;;;;;;;;;;;;;;;;;;;;;;;;;;;;;;;;;;;;;;;;;;;;;;;;;;;;;;;;;;;;;;;;;;;;;;;;;;;;;;;;;;;;;;;;;;;;;;;;;;;;;;;;;;;;;;;;;;;;;;;;;;;;;;;;;;;;;;;;;;;;;;;;;;;;;;;;;;;;;;;;;;;;;;;;;;;;;;;;;;;;;;;;;;;;;;;;;;;;;;;;;;;;;;;;;;;;;;;;;;;;;;;;;;;;;;;;;;;;;;;;;;;;;;;;;;;;;;;;;;;;;;;;;;;;;;;;;;;;;;;;;;;;;;;;;;;;;;;;;;;;;;;;;;;;;;;;;;;;;;;;;;;;;;;;;;;;;;;;;;;;;;;;;;;;;;;;;;;;;
HYDRAULIKA SIŁOWA;Hydraulika Siłowa.jpg;elementy;;HYDRAULIKA SIŁOWA;HYDRAULIKA SIŁOWA;HYDRAULIKA SIŁOWA;;;POWER HYDRAULICS;;;;POWER HYDRAULICS;POWER HYDRAULICS;POWER HYDRAULICS;;;;;;;;;;;;;;;;;;;;;;;;;;;;;;;;;;;;;;;;;;;;;;;;;;;;;;;;;;;;;;;;;;;;;;;;;;;;;;;;;;;;;;;;;;;;;;;;;;;;;;;;;;;;;;;;;;;;;;;;;;;;;;;;;;;;;;;;;;;;;;;;;;;;;;;;;;;;;;;;;;;;;SV98-T39L-0-N-12DR;;10.0;;;;;;;;;;;;;36.0;;;;;;;;;;;;;;; ;;;;;ZAWÓR SV98-T39L-0-N-12DR;;;;;;;;;;;;;;;;;;;;;;;;;;;;;;;;;;;;;;;;;;;;;;;;;;;;;;;;;;;;;;;;;;;;;;;;;;;;;;;;;;;;;;;;;;;;;;;;;;;;;;;;;;;;;;;;;;;;;;;;;;;;;;;;;;;;;;;;;;;;;;;;;;;;;;;;;;;;;;;;;;;;;;;;;;;;;;;;;;;;;;;;;;;;;;;;;;;;;;;;;;;;;;;;;;;;;;;;;;;;;;;;;;;;;;;;;;;;;;;;;;;;;;;;;;;;;;;;;;;;;;;;;;;;;;;;;;;;;;;;;;;;;;;;;;;;;;;;;;;;;;;;;;;;;;;;;;;;;;;;;;;;;;;;;;;;;;;;;;;;;;;;;;;;;;;;;;;;;;;;;;;;;;;;;;;;;;;;;;;;;;;
HYDRAULIKA SIŁOWA;Hydraulika Siłowa.jpg;elementy;;HYDRAULIKA SIŁOWA;HYDRAULIKA SIŁOWA;HYDRAULIKA SIŁOWA;;;POWER HYDRAULICS;;;;POWER HYDRAULICS;POWER HYDRAULICS;POWER HYDRAULICS;;;;;;;;;;;;;;;;;;;;;;;;;;;;;;;;;;;;;;;;;;;;;;;;;;;;;;;;;;;;;;;;;;;;;;;;;;;;;;;;;;;;;;;;;;;;;;;;;;;;;;;;;;;;;;;;;;;;;;;;;;;;;;;;;;;;;;;;;;;;;;;;;;;;;;;;;;;;;;;;;;;;;694413, 1105028;;1.0;;;;;;;;;;;;;121.3;;;;;;;;;;;;;;;NG6, A I B, 60 LITRÓW, 315 BAR, IN;;;;;ZAWÓR ZWROTNO-DŁAW DGMFN-3-X-A1W-B1W-41;;;;;;;;;;;;;;;;;;;;;;;;;;;;;;;;;;;;;;;;;;;;;;;;;;;;;;;;;;;;;;;;;;;;;;;;;;;;;;;;;;;;;;;;;;;;;;;;;;;;;;;;;;;;;;;;;;;;;;;;;;;;;;;;;;;;;;;;;;;;;;;;;;;;;;;;;;;;;;;;;;;;;;;;;;;;;;;;;;;;;;;;;;;;;;;;;;;;;;;;;;;;;;;;;;;;;;;;;;;;;;;;;;;;;;;;;;;;;;;;;;;;;;;;;;;;;;;;;;;;;;;;;;;;;;;;;;;;;;;;;;;;;;;;;;;;;;;;;;;;;;;;;;;;;;;;;;;;;;;;;;;;;;;;;;;;;;;;;;;;;;;;;;;;;;;;;;;;;;;;;;;;;;;;;;;;;;;;;;;;;;;
HYDRAULIKA SIŁOWA;Hydraulika Siłowa.jpg;elementy;;HYDRAULIKA SIŁOWA;HYDRAULIKA SIŁOWA;HYDRAULIKA SIŁOWA;;;POWER HYDRAULICS;;;;POWER HYDRAULICS;POWER HYDRAULICS;POWER HYDRAULICS;;;;;;;;;;;;;;;;;;;;;;;;;;;;;;;;;;;;;;;;;;;;;;;;;;;;;;;;;;;;;;;;;;;;;;;;;;;;;;;;;;;;;;;;;;;;;;;;;;;;;;;;;;;;;;;;;;;;;;;;;;;;;;;;;;;;;;;;;;;;;;;;;;;;;;;;;;;;;;;;;;;;;694411, 1105028;;50.0;;;;;;;;;;;;;121.3;;;;;;;;;;;;;;;NG6, A I B, 60 LITRÓW, 315 BAR, OUT;;;;;ZAWÓR ZWROTNO-DŁAW DGMFN-3-Y-A1W-B1W-41;;;;;;;;;;;;;;;;;;;;;;;;;;;;;;;;;;;;;;;;;;;;;;;;;;;;;;;;;;;;;;;;;;;;;;;;;;;;;;;;;;;;;;;;;;;;;;;;;;;;;;;;;;;;;;;;;;;;;;;;;;;;;;;;;;;;;;;;;;;;;;;;;;;;;;;;;;;;;;;;;;;;;;;;;;;;;;;;;;;;;;;;;;;;;;;;;;;;;;;;;;;;;;;;;;;;;;;;;;;;;;;;;;;;;;;;;;;;;;;;;;;;;;;;;;;;;;;;;;;;;;;;;;;;;;;;;;;;;;;;;;;;;;;;;;;;;;;;;;;;;;;;;;;;;;;;;;;;;;;;;;;;;;;;;;;;;;;;;;;;;;;;;;;;;;;;;;;;;;;;;;;;;;;;;;;;;;;;;;;;;;;
HYDRAULIKA SIŁOWA;Hydraulika Siłowa.jpg;elementy;;HYDRAULIKA SIŁOWA;HYDRAULIKA SIŁOWA;HYDRAULIKA SIŁOWA;;;POWER HYDRAULICS;;;;POWER HYDRAULICS;POWER HYDRAULICS;POWER HYDRAULICS;;;;;;;;;;;;;;;;;;;;;;;;;;;;;;;;;;;;;;;;;;;;;;;;;;;;;;;;;;;;;;;;;;;;;;;;;;;;;;;;;;;;;;;;;;;;;;;;;;;;;;;;;;;;;;;;;;;;;;;;;;;;;;;;;;;;;;;;;;;;;;;;;;;;;;;;;;;;;;;;;;;;;FC10-20A-0-N;;2.0;;;;;;;;;;;;;0.0;;;;;;;;;;;;;;;VC10-2, 45 LITRÓW, 241 BAR;;;;;ZAWÓR ZWROTNO-DŁAWIĄCY FC10-20A-0-N;;;;;;;;;;;;;;;;;;;;;;;;;;;;;;;;;;;;;;;;;;;;;;;;;;;;;;;;;;;;;;;;;;;;;;;;;;;;;;;;;;;;;;;;;;;;;;;;;;;;;;;;;;;;;;;;;;;;;;;;;;;;;;;;;;;;;;;;;;;;;;;;;;;;;;;;;;;;;;;;;;;;;;;;;;;;;;;;;;;;;;;;;;;;;;;;;;;;;;;;;;;;;;;;;;;;;;;;;;;;;;;;;;;;;;;;;;;;;;;;;;;;;;;;;;;;;;;;;;;;;;;;;;;;;;;;;;;;;;;;;;;;;;;;;;;;;;;;;;;;;;;;;;;;;;;;;;;;;;;;;;;;;;;;;;;;;;;;;;;;;;;;;;;;;;;;;;;;;;;;;;;;;;;;;;;;;;;;;;;;;;;
HYDRAULIKA SIŁOWA;Hydraulika Siłowa.jpg;elementy;;HYDRAULIKA SIŁOWA;HYDRAULIKA SIŁOWA;HYDRAULIKA SIŁOWA;;;POWER HYDRAULICS;;;;POWER HYDRAULICS;POWER HYDRAULICS;POWER HYDRAULICS;;;;;;;;;;;;;;;;;;;;;;;;;;;;;;;;;;;;;;;;;;;;;;;;;;;;;;;;;;;;;;;;;;;;;;;;;;;;;;;;;;;;;;;;;;;;;;;;;;;;;;;;;;;;;;;;;;;;;;;;;;;;;;;;;;;;;;;;;;;;;;;;;;;;;;;;;;;;;;;;;;;;;MSW-03-X-40;;1.0;;;;;;;;;;;;;360.0;;;;;;;;;;;;;;;NG6, A i B, 120LITRÓW, 315 BAR, OUT;;;;;ZAWÓR ZWROTNO-DŁAWIĄCY MSW-03-X-40;;;;;;;;;;;;;;;;;;;;;;;;;;;;;;;;;;;;;;;;;;;;;;;;;;;;;;;;;;;;;;;;;;;;;;;;;;;;;;;;;;;;;;;;;;;;;;;;;;;;;;;;;;;;;;;;;;;;;;;;;;;;;;;;;;;;;;;;;;;;;;;;;;;;;;;;;;;;;;;;;;;;;;;;;;;;;;;;;;;;;;;;;;;;;;;;;;;;;;;;;;;;;;;;;;;;;;;;;;;;;;;;;;;;;;;;;;;;;;;;;;;;;;;;;;;;;;;;;;;;;;;;;;;;;;;;;;;;;;;;;;;;;;;;;;;;;;;;;;;;;;;;;;;;;;;;;;;;;;;;;;;;;;;;;;;;;;;;;;;;;;;;;;;;;;;;;;;;;;;;;;;;;;;;;;;;;;;;;;;;;;;
HYDRAULIKA SIŁOWA;Hydraulika Siłowa.jpg;elementy;;HYDRAULIKA SIŁOWA;HYDRAULIKA SIŁOWA;HYDRAULIKA SIŁOWA;;;POWER HYDRAULICS;;;;POWER HYDRAULICS;POWER HYDRAULICS;POWER HYDRAULICS;;;;;;;;;;;;;;;;;;;;;;;;;;;;;;;;;;;;;;;;;;;;;;;;;;;;;;;;;;;;;;;;;;;;;;;;;;;;;;;;;;;;;;;;;;;;;;;;;;;;;;;;;;;;;;;;;;;;;;;;;;;;;;;;;;;;;;;;;;;;;;;;;;;;;;;;;;;;;;;;;;;;;CV08-20-0-N-10;;1.0;;;;;;;;;;;;;12.0;;;;;;;;;;;;;;;VC08-2, 30,3 LITRA, 240 BAR, 0,7 BARA;;;;;ZAWÓR ZWROTNY CV08-20-0-N-10;;;;;;;;;;;;;;;;;;;;;;;;;;;;;;;;;;;;;;;;;;;;;;;;;;;;;;;;;;;;;;;;;;;;;;;;;;;;;;;;;;;;;;;;;;;;;;;;;;;;;;;;;;;;;;;;;;;;;;;;;;;;;;;;;;;;;;;;;;;;;;;;;;;;;;;;;;;;;;;;;;;;;;;;;;;;;;;;;;;;;;;;;;;;;;;;;;;;;;;;;;;;;;;;;;;;;;;;;;;;;;;;;;;;;;;;;;;;;;;;;;;;;;;;;;;;;;;;;;;;;;;;;;;;;;;;;;;;;;;;;;;;;;;;;;;;;;;;;;;;;;;;;;;;;;;;;;;;;;;;;;;;;;;;;;;;;;;;;;;;;;;;;;;;;;;;;;;;;;;;;;;;;;;;;;;;;;;;;;;;;;;
HYDRAULIKA SIŁOWA;Hydraulika Siłowa.jpg;elementy;;HYDRAULIKA SIŁOWA;HYDRAULIKA SIŁOWA;HYDRAULIKA SIŁOWA;;;POWER HYDRAULICS;;;;POWER HYDRAULICS;POWER HYDRAULICS;POWER HYDRAULICS;;;;;;;;;;;;;;;;;;;;;;;;;;;;;;;;;;;;;;;;;;;;;;;;;;;;;;;;;;;;;;;;;;;;;;;;;;;;;;;;;;;;;;;;;;;;;;;;;;;;;;;;;;;;;;;;;;;;;;;;;;;;;;;;;;;;;;;;;;;;;;;;;;;;;;;;;;;;;;;;;;;;;CV10-20-0-N-05;;0.0;;;;;;;;;;;;;12.0;;;;;;;;;;;;;;;VC10-2, 75,8 LITRÓW, 240 BAR, 0,34 BAR;;;;;ZAWÓR ZWROTNY CV10-20-0-N-05;;;;;;;;;;;;;;;;;;;;;;;;;;;;;;;;;;;;;;;;;;;;;;;;;;;;;;;;;;;;;;;;;;;;;;;;;;;;;;;;;;;;;;;;;;;;;;;;;;;;;;;;;;;;;;;;;;;;;;;;;;;;;;;;;;;;;;;;;;;;;;;;;;;;;;;;;;;;;;;;;;;;;;;;;;;;;;;;;;;;;;;;;;;;;;;;;;;;;;;;;;;;;;;;;;;;;;;;;;;;;;;;;;;;;;;;;;;;;;;;;;;;;;;;;;;;;;;;;;;;;;;;;;;;;;;;;;;;;;;;;;;;;;;;;;;;;;;;;;;;;;;;;;;;;;;;;;;;;;;;;;;;;;;;;;;;;;;;;;;;;;;;;;;;;;;;;;;;;;;;;;;;;;;;;;;;;;;;;;;;;;;
HYDRAULIKA SIŁOWA;Hydraulika Siłowa.jpg;elementy;;HYDRAULIKA SIŁOWA;HYDRAULIKA SIŁOWA;HYDRAULIKA SIŁOWA;;;POWER HYDRAULICS;;;;POWER HYDRAULICS;POWER HYDRAULICS;POWER HYDRAULICS;;;;;;;;;;;;;;;;;;;;;;;;;;;;;;;;;;;;;;;;;;;;;;;;;;;;;;;;;;;;;;;;;;;;;;;;;;;;;;;;;;;;;;;;;;;;;;;;;;;;;;;;;;;;;;;;;;;;;;;;;;;;;;;;;;;;;;;;;;;;;;;;;;;;;;;;;;;;;;;;;;;;;CV10-20-0-N-30;;2.0;;;;;;;;;;;;;12.0;;;;;;;;;;;;;;;VC10-2, 75,8 LITRÓW, 240 BAR, 2,1 BAR;;;;;ZAWÓR ZWROTNY CV10-20-0-N-30;;;;;;;;;;;;;;;;;;;;;;;;;;;;;;;;;;;;;;;;;;;;;;;;;;;;;;;;;;;;;;;;;;;;;;;;;;;;;;;;;;;;;;;;;;;;;;;;;;;;;;;;;;;;;;;;;;;;;;;;;;;;;;;;;;;;;;;;;;;;;;;;;;;;;;;;;;;;;;;;;;;;;;;;;;;;;;;;;;;;;;;;;;;;;;;;;;;;;;;;;;;;;;;;;;;;;;;;;;;;;;;;;;;;;;;;;;;;;;;;;;;;;;;;;;;;;;;;;;;;;;;;;;;;;;;;;;;;;;;;;;;;;;;;;;;;;;;;;;;;;;;;;;;;;;;;;;;;;;;;;;;;;;;;;;;;;;;;;;;;;;;;;;;;;;;;;;;;;;;;;;;;;;;;;;;;;;;;;;;;;;;
HYDRAULIKA SIŁOWA;Hydraulika Siłowa.jpg;elementy;;HYDRAULIKA SIŁOWA;HYDRAULIKA SIŁOWA;HYDRAULIKA SIŁOWA;;;POWER HYDRAULICS;;;;POWER HYDRAULICS;POWER HYDRAULICS;POWER HYDRAULICS;;;;;;;;;;;;;;;;;;;;;;;;;;;;;;;;;;;;;;;;;;;;;;;;;;;;;;;;;;;;;;;;;;;;;;;;;;;;;;;;;;;;;;;;;;;;;;;;;;;;;;;;;;;;;;;;;;;;;;;;;;;;;;;;;;;;;;;;;;;;;;;;;;;;;;;;;;;;;;;;;;;;;CV12-20-0-N-25;;1.0;;;;;;;;;;;;;27.5;;;;;;;;;;;;;;;VC12-2, 94,6 LITRA, 240 BAR, 1,7 BAR;;;;;ZAWÓR ZWROTNY CV12-20-0-N-25;;;;;;;;;;;;;;;;;;;;;;;;;;;;;;;;;;;;;;;;;;;;;;;;;;;;;;;;;;;;;;;;;;;;;;;;;;;;;;;;;;;;;;;;;;;;;;;;;;;;;;;;;;;;;;;;;;;;;;;;;;;;;;;;;;;;;;;;;;;;;;;;;;;;;;;;;;;;;;;;;;;;;;;;;;;;;;;;;;;;;;;;;;;;;;;;;;;;;;;;;;;;;;;;;;;;;;;;;;;;;;;;;;;;;;;;;;;;;;;;;;;;;;;;;;;;;;;;;;;;;;;;;;;;;;;;;;;;;;;;;;;;;;;;;;;;;;;;;;;;;;;;;;;;;;;;;;;;;;;;;;;;;;;;;;;;;;;;;;;;;;;;;;;;;;;;;;;;;;;;;;;;;;;;;;;;;;;;;;;;;;;
HYDRAULIKA SIŁOWA;Hydraulika Siłowa.jpg;elementy;;HYDRAULIKA SIŁOWA;HYDRAULIKA SIŁOWA;HYDRAULIKA SIŁOWA;;;POWER HYDRAULICS;;;;POWER HYDRAULICS;POWER HYDRAULICS;POWER HYDRAULICS;;;;;;;;;;;;;;;;;;;;;;;;;;;;;;;;;;;;;;;;;;;;;;;;;;;;;;;;;;;;;;;;;;;;;;;;;;;;;;;;;;;;;;;;;;;;;;;;;;;;;;;;;;;;;;;;;;;;;;;;;;;;;;;;;;;;;;;;;;;;;;;;;;;;;;;;;;;;;;;;;;;;;02-200432;;8.0;;;;;;;;;;;;;40.39;;;;;;;;;;;;;;;C-10-2, 76 LITRÓW, 2,76 BAR 350 BAR;;;;;ZAWÓR ZWROTNY CV13-10-P-0-40;;;;;;;;;;;;;;;;;;;;;;;;;;;;;;;;;;;;;;;;;;;;;;;;;;;;;;;;;;;;;;;;;;;;;;;;;;;;;;;;;;;;;;;;;;;;;;;;;;;;;;;;;;;;;;;;;;;;;;;;;;;;;;;;;;;;;;;;;;;;;;;;;;;;;;;;;;;;;;;;;;;;;;;;;;;;;;;;;;;;;;;;;;;;;;;;;;;;;;;;;;;;;;;;;;;;;;;;;;;;;;;;;;;;;;;;;;;;;;;;;;;;;;;;;;;;;;;;;;;;;;;;;;;;;;;;;;;;;;;;;;;;;;;;;;;;;;;;;;;;;;;;;;;;;;;;;;;;;;;;;;;;;;;;;;;;;;;;;;;;;;;;;;;;;;;;;;;;;;;;;;;;;;;;;;;;;;;;;;;;;;;
HYDRAULIKA SIŁOWA;Hydraulika Siłowa.jpg;elementy;;HYDRAULIKA SIŁOWA;HYDRAULIKA SIŁOWA;HYDRAULIKA SIŁOWA;;;POWER HYDRAULICS;;;;POWER HYDRAULICS;POWER HYDRAULICS;POWER HYDRAULICS;;;;;;;;;;;;;;;;;;;;;;;;;;;;;;;;;;;;;;;;;;;;;;;;;;;;;;;;;;;;;;;;;;;;;;;;;;;;;;;;;;;;;;;;;;;;;;;;;;;;;;;;;;;;;;;;;;;;;;;;;;;;;;;;;;;;;;;;;;;;;;;;;;;;;;;;;;;;;;;;;;;;;CV16-20-0-N-60;;2.0;;;;;;;;;;;;;35.25;;;;;;;;;;;;;;;VC16-2, 151,4 LITRÓW, 240 BAR, 4,1 BAR;;;;;ZAWÓR ZWROTNY CV16-20-0-N-60;;;;;;;;;;;;;;;;;;;;;;;;;;;;;;;;;;;;;;;;;;;;;;;;;;;;;;;;;;;;;;;;;;;;;;;;;;;;;;;;;;;;;;;;;;;;;;;;;;;;;;;;;;;;;;;;;;;;;;;;;;;;;;;;;;;;;;;;;;;;;;;;;;;;;;;;;;;;;;;;;;;;;;;;;;;;;;;;;;;;;;;;;;;;;;;;;;;;;;;;;;;;;;;;;;;;;;;;;;;;;;;;;;;;;;;;;;;;;;;;;;;;;;;;;;;;;;;;;;;;;;;;;;;;;;;;;;;;;;;;;;;;;;;;;;;;;;;;;;;;;;;;;;;;;;;;;;;;;;;;;;;;;;;;;;;;;;;;;;;;;;;;;;;;;;;;;;;;;;;;;;;;;;;;;;;;;;;;;;;;;;;
HYDRAULIKA SIŁOWA;Hydraulika Siłowa.jpg;elementy;;HYDRAULIKA SIŁOWA;HYDRAULIKA SIŁOWA;HYDRAULIKA SIŁOWA;;;POWER HYDRAULICS;;;;POWER HYDRAULICS;POWER HYDRAULICS;POWER HYDRAULICS;;;;;;;;;;;;;;;;;;;;;;;;;;;;;;;;;;;;;;;;;;;;;;;;;;;;;;;;;;;;;;;;;;;;;;;;;;;;;;;;;;;;;;;;;;;;;;;;;;;;;;;;;;;;;;;;;;;;;;;;;;;;;;;;;;;;;;;;;;;;;;;;;;;;;;;;;;;;;;;;;;;;;566004;;8.0;;;;;;;;;;;;;22.4;;;;;;;;;;;;;;;C-10-2, 76 LITRÓW, 1,38 BAR 210 BAR;;;;;ZAWÓR ZWROTNY CV3-10-P-0-20;;;;;;;;;;;;;;;;;;;;;;;;;;;;;;;;;;;;;;;;;;;;;;;;;;;;;;;;;;;;;;;;;;;;;;;;;;;;;;;;;;;;;;;;;;;;;;;;;;;;;;;;;;;;;;;;;;;;;;;;;;;;;;;;;;;;;;;;;;;;;;;;;;;;;;;;;;;;;;;;;;;;;;;;;;;;;;;;;;;;;;;;;;;;;;;;;;;;;;;;;;;;;;;;;;;;;;;;;;;;;;;;;;;;;;;;;;;;;;;;;;;;;;;;;;;;;;;;;;;;;;;;;;;;;;;;;;;;;;;;;;;;;;;;;;;;;;;;;;;;;;;;;;;;;;;;;;;;;;;;;;;;;;;;;;;;;;;;;;;;;;;;;;;;;;;;;;;;;;;;;;;;;;;;;;;;;;;;;;;;;;;
HYDRAULIKA SIŁOWA;Hydraulika Siłowa.jpg;elementy;;HYDRAULIKA SIŁOWA;HYDRAULIKA SIŁOWA;HYDRAULIKA SIŁOWA;;;POWER HYDRAULICS;;;;POWER HYDRAULICS;POWER HYDRAULICS;POWER HYDRAULICS;;;;;;;;;;;;;;;;;;;;;;;;;;;;;;;;;;;;;;;;;;;;;;;;;;;;;;;;;;;;;;;;;;;;;;;;;;;;;;;;;;;;;;;;;;;;;;;;;;;;;;;;;;;;;;;;;;;;;;;;;;;;;;;;;;;;;;;;;;;;;;;;;;;;;;;;;;;;;;;;;;;;;CVC0.M22.0N;;150.0;;;;;;;;;;;;;29.78;;;;;;;;;;;;;;; ;;;;;ZAWÓR ZWROTNY CVC0.M22.0N.000;;;;;;;;;;;;;;;;;;;;;;;;;;;;;;;;;;;;;;;;;;;;;;;;;;;;;;;;;;;;;;;;;;;;;;;;;;;;;;;;;;;;;;;;;;;;;;;;;;;;;;;;;;;;;;;;;;;;;;;;;;;;;;;;;;;;;;;;;;;;;;;;;;;;;;;;;;;;;;;;;;;;;;;;;;;;;;;;;;;;;;;;;;;;;;;;;;;;;;;;;;;;;;;;;;;;;;;;;;;;;;;;;;;;;;;;;;;;;;;;;;;;;;;;;;;;;;;;;;;;;;;;;;;;;;;;;;;;;;;;;;;;;;;;;;;;;;;;;;;;;;;;;;;;;;;;;;;;;;;;;;;;;;;;;;;;;;;;;;;;;;;;;;;;;;;;;;;;;;;;;;;;;;;;;;;;;;;;;;;;;;;
HYDRAULIKA SIŁOWA;Hydraulika Siłowa.jpg;elementy;;HYDRAULIKA SIŁOWA;HYDRAULIKA SIŁOWA;HYDRAULIKA SIŁOWA;;;POWER HYDRAULICS;;;;POWER HYDRAULICS;POWER HYDRAULICS;POWER HYDRAULICS;;;;;;;;;;;;;;;;;;;;;;;;;;;;;;;;;;;;;;;;;;;;;;;;;;;;;;;;;;;;;;;;;;;;;;;;;;;;;;;;;;;;;;;;;;;;;;;;;;;;;;;;;;;;;;;;;;;;;;;;;;;;;;;;;;;;;;;;;;;;;;;;;;;;;;;;;;;;;;;;;;;;;CVD10;;1.0;;;;;;;;;;;;;10.75;;;;;;;;;;;;;;;VC10-5, 250 BAR;;;;;ZAWÓR ZWROTNY CVD10;;;;;;;;;;;;;;;;;;;;;;;;;;;;;;;;;;;;;;;;;;;;;;;;;;;;;;;;;;;;;;;;;;;;;;;;;;;;;;;;;;;;;;;;;;;;;;;;;;;;;;;;;;;;;;;;;;;;;;;;;;;;;;;;;;;;;;;;;;;;;;;;;;;;;;;;;;;;;;;;;;;;;;;;;;;;;;;;;;;;;;;;;;;;;;;;;;;;;;;;;;;;;;;;;;;;;;;;;;;;;;;;;;;;;;;;;;;;;;;;;;;;;;;;;;;;;;;;;;;;;;;;;;;;;;;;;;;;;;;;;;;;;;;;;;;;;;;;;;;;;;;;;;;;;;;;;;;;;;;;;;;;;;;;;;;;;;;;;;;;;;;;;;;;;;;;;;;;;;;;;;;;;;;;;;;;;;;;;;;;;;;
HYDRAULIKA SIŁOWA;Hydraulika Siłowa.jpg;elementy;;HYDRAULIKA SIŁOWA;HYDRAULIKA SIŁOWA;HYDRAULIKA SIŁOWA;;;POWER HYDRAULICS;;;;POWER HYDRAULICS;POWER HYDRAULICS;POWER HYDRAULICS;;;;;;;;;;;;;;;;;;;;;;;;;;;;;;;;;;;;;;;;;;;;;;;;;;;;;;;;;;;;;;;;;;;;;;;;;;;;;;;;;;;;;;;;;;;;;;;;;;;;;;;;;;;;;;;;;;;;;;;;;;;;;;;;;;;;;;;;;;;;;;;;;;;;;;;;;;;;;;;;;;;;;HCV10-20-0-U-05;;3.0;;;;;;;;;;;;;19.25;;;;;;;;;;;;;;;HVC10-2, 75,8 LITRÓW, 350 BAR, 0,34 BAR;;;;;ZAWÓR ZWROTNY HCV10-20-0-U-05;;;;;;;;;;;;;;;;;;;;;;;;;;;;;;;;;;;;;;;;;;;;;;;;;;;;;;;;;;;;;;;;;;;;;;;;;;;;;;;;;;;;;;;;;;;;;;;;;;;;;;;;;;;;;;;;;;;;;;;;;;;;;;;;;;;;;;;;;;;;;;;;;;;;;;;;;;;;;;;;;;;;;;;;;;;;;;;;;;;;;;;;;;;;;;;;;;;;;;;;;;;;;;;;;;;;;;;;;;;;;;;;;;;;;;;;;;;;;;;;;;;;;;;;;;;;;;;;;;;;;;;;;;;;;;;;;;;;;;;;;;;;;;;;;;;;;;;;;;;;;;;;;;;;;;;;;;;;;;;;;;;;;;;;;;;;;;;;;;;;;;;;;;;;;;;;;;;;;;;;;;;;;;;;;;;;;;;;;;;;;;;
HYDRAULIKA SIŁOWA;Hydraulika Siłowa.jpg;elementy;;HYDRAULIKA SIŁOWA;HYDRAULIKA SIŁOWA;HYDRAULIKA SIŁOWA;;;POWER HYDRAULICS;;;;POWER HYDRAULICS;POWER HYDRAULICS;POWER HYDRAULICS;;;;;;;;;;;;;;;;;;;;;;;;;;;;;;;;;;;;;;;;;;;;;;;;;;;;;;;;;;;;;;;;;;;;;;;;;;;;;;;;;;;;;;;;;;;;;;;;;;;;;;;;;;;;;;;;;;;;;;;;;;;;;;;;;;;;;;;;;;;;;;;;;;;;;;;;;;;;;;;;;;;;;HCV10-20-0-U-30;;2.0;;;;;;;;;;;;;19.25;;;;;;;;;;;;;;;HVC10-2, 75,8 LITRÓW, 350 BAR, 2,1 BAR;;;;;ZAWÓR ZWROTNY HCV10-20-0-U-30;;;;;;;;;;;;;;;;;;;;;;;;;;;;;;;;;;;;;;;;;;;;;;;;;;;;;;;;;;;;;;;;;;;;;;;;;;;;;;;;;;;;;;;;;;;;;;;;;;;;;;;;;;;;;;;;;;;;;;;;;;;;;;;;;;;;;;;;;;;;;;;;;;;;;;;;;;;;;;;;;;;;;;;;;;;;;;;;;;;;;;;;;;;;;;;;;;;;;;;;;;;;;;;;;;;;;;;;;;;;;;;;;;;;;;;;;;;;;;;;;;;;;;;;;;;;;;;;;;;;;;;;;;;;;;;;;;;;;;;;;;;;;;;;;;;;;;;;;;;;;;;;;;;;;;;;;;;;;;;;;;;;;;;;;;;;;;;;;;;;;;;;;;;;;;;;;;;;;;;;;;;;;;;;;;;;;;;;;;;;;;;
HYDRAULIKA SIŁOWA;Hydraulika Siłowa.jpg;elementy;;HYDRAULIKA SIŁOWA;HYDRAULIKA SIŁOWA;HYDRAULIKA SIŁOWA;;;POWER HYDRAULICS;;;;POWER HYDRAULICS;POWER HYDRAULICS;POWER HYDRAULICS;;;;;;;;;;;;;;;;;;;;;;;;;;;;;;;;;;;;;;;;;;;;;;;;;;;;;;;;;;;;;;;;;;;;;;;;;;;;;;;;;;;;;;;;;;;;;;;;;;;;;;;;;;;;;;;;;;;;;;;;;;;;;;;;;;;;;;;;;;;;;;;;;;;;;;;;;;;;;;;;;;;;;02-139087, 1105020;;8.0;;;;;;;;;;;;;152.8;;;;;;;;;;;;;;;NG6, A I B, 60 LITRÓW, 315 BAR, 3:1, 2,5 BAR;;;;;ZAWÓR ZWROTNY-STEROW DGMPC-3-ABM-BAM-41;;;;;;;;;;;;;;;;;;;;;;;;;;;;;;;;;;;;;;;;;;;;;;;;;;;;;;;;;;;;;;;;;;;;;;;;;;;;;;;;;;;;;;;;;;;;;;;;;;;;;;;;;;;;;;;;;;;;;;;;;;;;;;;;;;;;;;;;;;;;;;;;;;;;;;;;;;;;;;;;;;;;;;;;;;;;;;;;;;;;;;;;;;;;;;;;;;;;;;;;;;;;;;;;;;;;;;;;;;;;;;;;;;;;;;;;;;;;;;;;;;;;;;;;;;;;;;;;;;;;;;;;;;;;;;;;;;;;;;;;;;;;;;;;;;;;;;;;;;;;;;;;;;;;;;;;;;;;;;;;;;;;;;;;;;;;;;;;;;;;;;;;;;;;;;;;;;;;;;;;;;;;;;;;;;;;;;;;;;;;;;;
HYDRAULIKA SIŁOWA;Hydraulika Siłowa.jpg;elementy;;HYDRAULIKA SIŁOWA;HYDRAULIKA SIŁOWA;HYDRAULIKA SIŁOWA;;;POWER HYDRAULICS;;;;POWER HYDRAULICS;POWER HYDRAULICS;POWER HYDRAULICS;;;;;;;;;;;;;;;;;;;;;;;;;;;;;;;;;;;;;;;;;;;;;;;;;;;;;;;;;;;;;;;;;;;;;;;;;;;;;;;;;;;;;;;;;;;;;;;;;;;;;;;;;;;;;;;;;;;;;;;;;;;;;;;;;;;;;;;;;;;;;;;;;;;;;;;;;;;;;;;;;;;;;401AA00001A;;17.0;;;;;;;;;;;;;31.05;;;;;;;;;;;;;;;A6610, 3:1, 30 LITRÓW, 350 BAR;;;;;ZAWÓR ZWROTNY-STEROWANY 4CK301S;;;;;;;;;;;;;;;;;;;;;;;;;;;;;;;;;;;;;;;;;;;;;;;;;;;;;;;;;;;;;;;;;;;;;;;;;;;;;;;;;;;;;;;;;;;;;;;;;;;;;;;;;;;;;;;;;;;;;;;;;;;;;;;;;;;;;;;;;;;;;;;;;;;;;;;;;;;;;;;;;;;;;;;;;;;;;;;;;;;;;;;;;;;;;;;;;;;;;;;;;;;;;;;;;;;;;;;;;;;;;;;;;;;;;;;;;;;;;;;;;;;;;;;;;;;;;;;;;;;;;;;;;;;;;;;;;;;;;;;;;;;;;;;;;;;;;;;;;;;;;;;;;;;;;;;;;;;;;;;;;;;;;;;;;;;;;;;;;;;;;;;;;;;;;;;;;;;;;;;;;;;;;;;;;;;;;;;;;;;;;;;
HYDRAULIKA SIŁOWA;Hydraulika Siłowa.jpg;elementy;;HYDRAULIKA SIŁOWA;HYDRAULIKA SIŁOWA;HYDRAULIKA SIŁOWA;;;POWER HYDRAULICS;;;;POWER HYDRAULICS;POWER HYDRAULICS;POWER HYDRAULICS;;;;;;;;;;;;;;;;;;;;;;;;;;;;;;;;;;;;;;;;;;;;;;;;;;;;;;;;;;;;;;;;;;;;;;;;;;;;;;;;;;;;;;;;;;;;;;;;;;;;;;;;;;;;;;;;;;;;;;;;;;;;;;;;;;;;;;;;;;;;;;;;;;;;;;;;;;;;;;;;;;;;;401AA00002A;;2.0;;;;;;;;;;;;;31.05;;;;;;;;;;;;;;;A6610, 3:1, 30 LITRÓW, 350 BAR, SP;;;;;ZAWÓR ZWROTNY-STEROWANY 4CK301S3;;;;;;;;;;;;;;;;;;;;;;;;;;;;;;;;;;;;;;;;;;;;;;;;;;;;;;;;;;;;;;;;;;;;;;;;;;;;;;;;;;;;;;;;;;;;;;;;;;;;;;;;;;;;;;;;;;;;;;;;;;;;;;;;;;;;;;;;;;;;;;;;;;;;;;;;;;;;;;;;;;;;;;;;;;;;;;;;;;;;;;;;;;;;;;;;;;;;;;;;;;;;;;;;;;;;;;;;;;;;;;;;;;;;;;;;;;;;;;;;;;;;;;;;;;;;;;;;;;;;;;;;;;;;;;;;;;;;;;;;;;;;;;;;;;;;;;;;;;;;;;;;;;;;;;;;;;;;;;;;;;;;;;;;;;;;;;;;;;;;;;;;;;;;;;;;;;;;;;;;;;;;;;;;;;;;;;;;;;;;;;;
HYDRAULIKA SIŁOWA;Hydraulika Siłowa.jpg;elementy;;HYDRAULIKA SIŁOWA;HYDRAULIKA SIŁOWA;HYDRAULIKA SIŁOWA;;;POWER HYDRAULICS;;;;POWER HYDRAULICS;POWER HYDRAULICS;POWER HYDRAULICS;;;;;;;;;;;;;;;;;;;;;;;;;;;;;;;;;;;;;;;;;;;;;;;;;;;;;;;;;;;;;;;;;;;;;;;;;;;;;;;;;;;;;;;;;;;;;;;;;;;;;;;;;;;;;;;;;;;;;;;;;;;;;;;;;;;;;;;;;;;;;;;;;;;;;;;;;;;;;;;;;;;;;401AA00017A;;79.0;;;;;;;;;;;;;34.19;;;;;;;;;;;;;;;T-11A, 3:1, 42 LITRY, 350 BAR, SP;;;;;ZAWÓR ZWROTNY-STEROWANY 4SK303S3;;;;;;;;;;;;;;;;;;;;;;;;;;;;;;;;;;;;;;;;;;;;;;;;;;;;;;;;;;;;;;;;;;;;;;;;;;;;;;;;;;;;;;;;;;;;;;;;;;;;;;;;;;;;;;;;;;;;;;;;;;;;;;;;;;;;;;;;;;;;;;;;;;;;;;;;;;;;;;;;;;;;;;;;;;;;;;;;;;;;;;;;;;;;;;;;;;;;;;;;;;;;;;;;;;;;;;;;;;;;;;;;;;;;;;;;;;;;;;;;;;;;;;;;;;;;;;;;;;;;;;;;;;;;;;;;;;;;;;;;;;;;;;;;;;;;;;;;;;;;;;;;;;;;;;;;;;;;;;;;;;;;;;;;;;;;;;;;;;;;;;;;;;;;;;;;;;;;;;;;;;;;;;;;;;;;;;;;;;;;;;;
HYDRAULIKA SIŁOWA;Hydraulika Siłowa.jpg;elementy;;HYDRAULIKA SIŁOWA;HYDRAULIKA SIŁOWA;HYDRAULIKA SIŁOWA;;;POWER HYDRAULICS;;;;POWER HYDRAULICS;POWER HYDRAULICS;POWER HYDRAULICS;;;;;;;;;;;;;;;;;;;;;;;;;;;;;;;;;;;;;;;;;;;;;;;;;;;;;;;;;;;;;;;;;;;;;;;;;;;;;;;;;;;;;;;;;;;;;;;;;;;;;;;;;;;;;;;;;;;;;;;;;;;;;;;;;;;;;;;;;;;;;;;;;;;;;;;;;;;;;;;;;;;;;401AA00014A;;2.0;;;;;;;;;;;;;104.98;;;;;;;;;;;;;;;A877, 2:1, 120 LITRÓW, 350 BAR;;;;;ZAWÓR ZWROTNY-STEROWANY CLOSE 5CK1201S2;;;;;;;;;;;;;;;;;;;;;;;;;;;;;;;;;;;;;;;;;;;;;;;;;;;;;;;;;;;;;;;;;;;;;;;;;;;;;;;;;;;;;;;;;;;;;;;;;;;;;;;;;;;;;;;;;;;;;;;;;;;;;;;;;;;;;;;;;;;;;;;;;;;;;;;;;;;;;;;;;;;;;;;;;;;;;;;;;;;;;;;;;;;;;;;;;;;;;;;;;;;;;;;;;;;;;;;;;;;;;;;;;;;;;;;;;;;;;;;;;;;;;;;;;;;;;;;;;;;;;;;;;;;;;;;;;;;;;;;;;;;;;;;;;;;;;;;;;;;;;;;;;;;;;;;;;;;;;;;;;;;;;;;;;;;;;;;;;;;;;;;;;;;;;;;;;;;;;;;;;;;;;;;;;;;;;;;;;;;;;;;
HYDRAULIKA SIŁOWA;Hydraulika Siłowa.jpg;elementy;;HYDRAULIKA SIŁOWA;HYDRAULIKA SIŁOWA;HYDRAULIKA SIŁOWA;;;POWER HYDRAULICS;;;;POWER HYDRAULICS;POWER HYDRAULICS;POWER HYDRAULICS;;;;;;;;;;;;;;;;;;;;;;;;;;;;;;;;;;;;;;;;;;;;;;;;;;;;;;;;;;;;;;;;;;;;;;;;;;;;;;;;;;;;;;;;;;;;;;;;;;;;;;;;;;;;;;;;;;;;;;;;;;;;;;;;;;;;;;;;;;;;;;;;;;;;;;;;;;;;;;;;;;;;;PC10-30-0-N;;1.0;;;;;;;;;;;;;27.5;;;;;;;;;;;;;;;VC10-2, 30,2 LITRA, 241 BAR, 2,1 BAR;;;;;ZAWÓR ZWROTNY-STEROWANY PC10-30-0-N;;;;;;;;;;;;;;;;;;;;;;;;;;;;;;;;;;;;;;;;;;;;;;;;;;;;;;;;;;;;;;;;;;;;;;;;;;;;;;;;;;;;;;;;;;;;;;;;;;;;;;;;;;;;;;;;;;;;;;;;;;;;;;;;;;;;;;;;;;;;;;;;;;;;;;;;;;;;;;;;;;;;;;;;;;;;;;;;;;;;;;;;;;;;;;;;;;;;;;;;;;;;;;;;;;;;;;;;;;;;;;;;;;;;;;;;;;;;;;;;;;;;;;;;;;;;;;;;;;;;;;;;;;;;;;;;;;;;;;;;;;;;;;;;;;;;;;;;;;;;;;;;;;;;;;;;;;;;;;;;;;;;;;;;;;;;;;;;;;;;;;;;;;;;;;;;;;;;;;;;;;;;;;;;;;;;;;;;;;;;;;;
HYDRAULIKA SIŁOWA;Hydraulika Siłowa.jpg;elementy;;HYDRAULIKA SIŁOWA;HYDRAULIKA SIŁOWA;HYDRAULIKA SIŁOWA;;;POWER HYDRAULICS;;;;POWER HYDRAULICS;POWER HYDRAULICS;POWER HYDRAULICS;;;;;;;;;;;;;;;;;;;;;;;;;;;;;;;;;;;;;;;;;;;;;;;;;;;;;;;;;;;;;;;;;;;;;;;;;;;;;;;;;;;;;;;;;;;;;;;;;;;;;;;;;;;;;;;;;;;;;;;;;;;;;;;;;;;;;;;;;;;;;;;;;;;;;;;;;;;;;;;;;;;;;DC10-40-0-N-25;;2.0;;;;;;;;;;;;;54.0;;;;;;;;;;;;;;;DUAL, VC10-4, 30,3 LITRÓW, 240 BAR, 1,7 BARA;;;;;ZAWÓR ZWROTNY-STEROWANY-DC10-40-0-N-25;;;;;;;;;;;;;;;;;;;;;;;;;;;;;;;;;;;;;;;;;;;;;;;;;;;;;;;;;;;;;;;;;;;;;;;;;;;;;;;;;;;;;;;;;;;;;;;;;;;;;;;;;;;;;;;;;;;;;;;;;;;;;;;;;;;;;;;;;;;;;;;;;;;;;;;;;;;;;;;;;;;;;;;;;;;;;;;;;;;;;;;;;;;;;;;;;;;;;;;;;;;;;;;;;;;;;;;;;;;;;;;;;;;;;;;;;;;;;;;;;;;;;;;;;;;;;;;;;;;;;;;;;;;;;;;;;;;;;;;;;;;;;;;;;;;;;;;;;;;;;;;;;;;;;;;;;;;;;;;;;;;;;;;;;;;;;;;;;;;;;;;;;;;;;;;;;;;;;;;;;;;;;;;;;;;;;;;;;;;;;;;
HYDRAULIKA SIŁOWA;Hydraulika Siłowa.jpg;elementy;;HYDRAULIKA SIŁOWA;HYDRAULIKA SIŁOWA;HYDRAULIKA SIŁOWA;;;POWER HYDRAULICS;;;;POWER HYDRAULICS;POWER HYDRAULICS;POWER HYDRAULICS;;;;;;;;;;;;;;;;;;;;;;;;;;;;;;;;;;;;;;;;;;;;;;;;;;;;;;;;;;;;;;;;;;;;;;;;;;;;;;;;;;;;;;;;;;;;;;;;;;;;;;;;;;;;;;;;;;;;;;;;;;;;;;;;;;;;;;;;;;;;;;;;;;;;;;;;;;;;;;;;;;;;;ADU041DO080.02;;1.0;;;;;;;;;;;;;340.7;;;;;;;;;;;;;;; ;;;;;ZESTAW MONTAŻOWY X20, 420, 02, 15KW;;;;;;;;;;;;;;;;;;;;;;;;;;;;;;;;;;;;;;;;;;;;;;;;;;;;;;;;;;;;;;;;;;;;;;;;;;;;;;;;;;;;;;;;;;;;;;;;;;;;;;;;;;;;;;;;;;;;;;;;;;;;;;;;;;;;;;;;;;;;;;;;;;;;;;;;;;;;;;;;;;;;;;;;;;;;;;;;;;;;;;;;;;;;;;;;;;;;;;;;;;;;;;;;;;;;;;;;;;;;;;;;;;;;;;;;;;;;;;;;;;;;;;;;;;;;;;;;;;;;;;;;;;;;;;;;;;;;;;;;;;;;;;;;;;;;;;;;;;;;;;;;;;;;;;;;;;;;;;;;;;;;;;;;;;;;;;;;;;;;;;;;;;;;;;;;;;;;;;;;;;;;;;;;;;;;;;;;;;;;;;;
HYDRAULIKA SIŁOWA;Hydraulika Siłowa.jpg;elementy;;HYDRAULIKA SIŁOWA;HYDRAULIKA SIŁOWA;HYDRAULIKA SIŁOWA;;;POWER HYDRAULICS;;;;POWER HYDRAULICS;POWER HYDRAULICS;POWER HYDRAULICS;;;;;;;;;;;;;;;;;;;;;;;;;;;;;;;;;;;;;;;;;;;;;;;;;;;;;;;;;;;;;;;;;;;;;;;;;;;;;;;;;;;;;;;;;;;;;;;;;;;;;;;;;;;;;;;;;;;;;;;;;;;;;;;;;;;;;;;;;;;;;;;;;;;;;;;;;;;;;;;;;;;;;KAT00105;;25.0;;;;;;;;;;;;;0.0;;;;;;;;;;;;;;; ;;;;;ZESTAW PODKŁADEK MIEDIANYCH;;;;;;;;;;;;;;;;;;;;;;;;;;;;;;;;;;;;;;;;;;;;;;;;;;;;;;;;;;;;;;;;;;;;;;;;;;;;;;;;;;;;;;;;;;;;;;;;;;;;;;;;;;;;;;;;;;;;;;;;;;;;;;;;;;;;;;;;;;;;;;;;;;;;;;;;;;;;;;;;;;;;;;;;;;;;;;;;;;;;;;;;;;;;;;;;;;;;;;;;;;;;;;;;;;;;;;;;;;;;;;;;;;;;;;;;;;;;;;;;;;;;;;;;;;;;;;;;;;;;;;;;;;;;;;;;;;;;;;;;;;;;;;;;;;;;;;;;;;;;;;;;;;;;;;;;;;;;;;;;;;;;;;;;;;;;;;;;;;;;;;;;;;;;;;;;;;;;;;;;;;;;;;;;;;;;;;;;;;;;;;;
HYDRAULIKA SIŁOWA;Hydraulika Siłowa.jpg;elementy;;HYDRAULIKA SIŁOWA;HYDRAULIKA SIŁOWA;HYDRAULIKA SIŁOWA;;;POWER HYDRAULICS;;;;POWER HYDRAULICS;POWER HYDRAULICS;POWER HYDRAULICS;;;;;;;;;;;;;;;;;;;;;;;;;;;;;;;;;;;;;;;;;;;;;;;;;;;;;;;;;;;;;;;;;;;;;;;;;;;;;;;;;;;;;;;;;;;;;;;;;;;;;;;;;;;;;;;;;;;;;;;;;;;;;;;;;;;;;;;;;;;;;;;;;;;;;;;;;;;;;;;;;;;;;MBK-01-01-30;;23.0;;;;;;;;;;;;;2.5;;;;;;;;;;;;;;;85 mm;;;;;ZESTAW ŚRUB 1 STACJA MBK-01-01-30;;;;;;;;;;;;;;;;;;;;;;;;;;;;;;;;;;;;;;;;;;;;;;;;;;;;;;;;;;;;;;;;;;;;;;;;;;;;;;;;;;;;;;;;;;;;;;;;;;;;;;;;;;;;;;;;;;;;;;;;;;;;;;;;;;;;;;;;;;;;;;;;;;;;;;;;;;;;;;;;;;;;;;;;;;;;;;;;;;;;;;;;;;;;;;;;;;;;;;;;;;;;;;;;;;;;;;;;;;;;;;;;;;;;;;;;;;;;;;;;;;;;;;;;;;;;;;;;;;;;;;;;;;;;;;;;;;;;;;;;;;;;;;;;;;;;;;;;;;;;;;;;;;;;;;;;;;;;;;;;;;;;;;;;;;;;;;;;;;;;;;;;;;;;;;;;;;;;;;;;;;;;;;;;;;;;;;;;;;;;;;;
HYDRAULIKA SIŁOWA;Hydraulika Siłowa.jpg;elementy;;HYDRAULIKA SIŁOWA;HYDRAULIKA SIŁOWA;HYDRAULIKA SIŁOWA;;;POWER HYDRAULICS;;;;POWER HYDRAULICS;POWER HYDRAULICS;POWER HYDRAULICS;;;;;;;;;;;;;;;;;;;;;;;;;;;;;;;;;;;;;;;;;;;;;;;;;;;;;;;;;;;;;;;;;;;;;;;;;;;;;;;;;;;;;;;;;;;;;;;;;;;;;;;;;;;;;;;;;;;;;;;;;;;;;;;;;;;;;;;;;;;;;;;;;;;;;;;;;;;;;;;;;;;;;MBK-01-02-30;;4.0;;;;;;;;;;;;;7.5;;;;;;;;;;;;;;;125 mm;;;;;ZESTAW ŚRUB 2 STACJE MBK-01-02-30;;;;;;;;;;;;;;;;;;;;;;;;;;;;;;;;;;;;;;;;;;;;;;;;;;;;;;;;;;;;;;;;;;;;;;;;;;;;;;;;;;;;;;;;;;;;;;;;;;;;;;;;;;;;;;;;;;;;;;;;;;;;;;;;;;;;;;;;;;;;;;;;;;;;;;;;;;;;;;;;;;;;;;;;;;;;;;;;;;;;;;;;;;;;;;;;;;;;;;;;;;;;;;;;;;;;;;;;;;;;;;;;;;;;;;;;;;;;;;;;;;;;;;;;;;;;;;;;;;;;;;;;;;;;;;;;;;;;;;;;;;;;;;;;;;;;;;;;;;;;;;;;;;;;;;;;;;;;;;;;;;;;;;;;;;;;;;;;;;;;;;;;;;;;;;;;;;;;;;;;;;;;;;;;;;;;;;;;;;;;;;;
